{
    "pools": [
        {
            "rolls": 1,
            "entries": [
                {
                    "type": "item",
                    "weight": 10,
                    "name": "minecraft:leather_boots",
                    "functions": [
                        {
                            "function": "set_damage",
                            "damage": {
                                "min": 0,
                                "max": 0.9
                            }
                        }
                    ]
                },
                {
                    "type": "item",
                    "weight": 10,
                    "name": "minecraft:potion",
                    "functions": [
                        {
                            "function": "set_nbt",
                            "tag": "{Potion:\"minecraft:water\"}"
                        }
                    ]
                },
                {
                    "type": "item",
                    "weight": 5,
                    "name": "minecraft:fishing_rod",
                    "functions": [
                        {
                            "function": "set_damage",
                            "damage": {
                                "min": 0,
                                "max": 0.9
                            }
                        }
                    ]
                },
                {
                    "type": "item",
                    "weight": 10,
                    "name": "minecraft:ink_sac",
                    "functions": [
                        {
                            "function": "set_count",
                            "count": {
                                "min": 8,
                                "max": 12
                            }
                        }
                    ]
                },
                {
                    "type": "item",
                    "weight": 10,
                    "name": "minecraft:bamboo",
					"conditions": [
						{
							"condition": "minecraft:alternative",
							"terms": [
								{
								"condition": "minecraft:location_check",
								"predicate": {
									"biome": "minecraft:jungle"
									}
								},
								{
								"condition": "minecraft:location_check",
								"predicate": {
									"biome": "minecraft:jungle_hills"
									}
								},
								{
								"condition": "minecraft:location_check",
								"predicate": {
									"biome": "minecraft:jungle_edge"
									}
								},
								{
								"condition": "minecraft:location_check",
								"predicate": {
									"biome": "minecraft:bamboo_jungle"
									}
								},
								{
								"condition": "minecraft:location_check",
								"predicate": {
									"biome": "minecraft:modified_jungle"
									}
								},
								{
								"condition": "minecraft:location_check",
								"predicate": {
									"biome": "minecraft:modified_jungle_edge"
									}
								},
								{
								"condition": "minecraft:location_check",
								"predicate": {
									"biome": "minecraft:bamboo_jungle_hills"
									}
								}
							]
						}
					]
                },
                {
                    "type": "item",
                    "weight": 10,
                    "name": "minecraft:ice",
					"conditions": [
						{
						"condition": "minecraft:alternative",
						"terms": [
								{
								"condition": "minecraft:location_check",
								"predicate": {
									"biome": "minecraft:snowy_tundra"
									}
								},
								{
								"condition": "minecraft:location_check",
								"predicate": {
									"biome": "minecraft:snowy_mountains"
									}
								},
								{
								"condition": "minecraft:location_check",
								"predicate": {
									"biome": "minecraft:ice_spikes"
									}
								},
								{
								"condition": "minecraft:location_check",
								"predicate": {
									"biome": "minecraft:snowy_taiga_mountains"
									}
								},
								{
								"condition": "minecraft:location_check",
								"predicate": {
									"biome": "minecraft:snowy_taiga_hills"
									}
								},
								{
								"condition": "minecraft:location_check",
								"predicate": {
									"biome": "minecraft:snowy_taiga"
									}
								},
								{
								"condition": "minecraft:location_check",
								"predicate": {
									"biome": "minecraft:snowy_beach"
									}
								},
								{
								"condition": "minecraft:location_check",
								"predicate": {
									"biome": "minecraft:frozen_river"
									}
								},
								{
								"condition": "minecraft:location_check",
								"predicate": {
									"biome": "minecraft:frozen_ocean"
									}
								},
								{
								"condition": "minecraft:location_check",
								"predicate": {
									"biome": "minecraft:deep_frozen_ocean"
									}
								}
							]
						}
					]
                },
                {
                    "type": "item",
                    "weight": 10,
                    "name": "minecraft:cactus",
					"conditions": [
						{
						"condition": "minecraft:alternative",
						"terms": [
								{
								"condition": "minecraft:location_check",
								"predicate": {
									"biome": "minecraft:desert"
									}
								},
								{
								"condition": "minecraft:location_check",
								"predicate": {
									"biome": "minecraft:desert_hills"
									}
								},
								{
								"condition": "minecraft:location_check",
								"predicate": {
									"biome": "minecraft:desert_lakes"
									}
								},
								{
								"condition": "minecraft:location_check",
								"predicate": {
									"biome": "minecraft:badlands"
									}
								},
								{
								"condition": "minecraft:location_check",
								"predicate": {
									"biome": "minecraft:badlands_plateau"
									}
								},
								{
								"condition": "minecraft:location_check",
								"predicate": {
									"biome": "minecraft:modified_badlands_plateau"
									}
								},
								{
								"condition": "minecraft:location_check",
								"predicate": {
									"biome": "minecraft:eroded_badlands"
									}
								}
							]
						}
					]
                },
                {
                    "type": "item",
                    "weight": 10,
                    "name": "minecraft:brown_mushroom",
					"conditions": [
						{
						"condition": "minecraft:alternative",
						"terms": [
								{
								"condition": "minecraft:location_check",
								"predicate": {
									"biome": "minecraft:mushroom_fields"
									}
								},
								{
								"condition": "minecraft:location_check",
								"predicate": {
									"biome": "minecraft:mushroom_field_shore"
									}
								}
							]
						}
					]
                },
                {
                    "type": "item",
                    "weight": 10,
                    "name": "minecraft:red_mushroom",
					"conditions": [
						{
						"condition": "minecraft:alternative",
						"terms": [
								{
								"condition": "minecraft:location_check",
								"predicate": {
									"biome": "minecraft:mushroom_fields"
									}
								},
								{
								"condition": "minecraft:location_check",
								"predicate": {
									"biome": "minecraft:mushroom_field_shore"
									}
								}
							]
						}
					]
                }
            ]
        }
    ]
}