{
    "pools": [
        {
            "rolls": 1,
            "entries": [
                {
                    "type": "loot_table",
                    "weight": 1,
                    "name": "minecraft:gameplay/fishing/fish/fish_cold",
					"conditions": [
						{
						"condition": "minecraft:alternative",
						"terms": [
								{
								"condition": "minecraft:location_check",
								"predicate": {
									"biome": "minecraft:snowy_tundra"
									}
								},
								{
								"condition": "minecraft:location_check",
								"predicate": {
									"biome": "minecraft:snowy_mountains"
									}
								},
								{
								"condition": "minecraft:location_check",
								"predicate": {
									"biome": "minecraft:ice_spikes"
									}
								},
								{
								"condition": "minecraft:location_check",
								"predicate": {
									"biome": "minecraft:snowy_taiga_mountains"
									}
								},
								{
								"condition": "minecraft:location_check",
								"predicate": {
									"biome": "minecraft:snowy_taiga_hills"
									}
								},
								{
								"condition": "minecraft:location_check",
								"predicate": {
									"biome": "minecraft:snowy_taiga"
									}
								},
								{
								"condition": "minecraft:location_check",
								"predicate": {
									"biome": "minecraft:snowy_beach"
									}
								},
								{
								"condition": "minecraft:location_check",
								"predicate": {
									"biome": "minecraft:frozen_river"
									}
								},
								{
								"condition": "minecraft:location_check",
								"predicate": {
									"biome": "minecraft:frozen_ocean"
									}
								},
								{
								"condition": "minecraft:location_check",
								"predicate": {
									"biome": "minecraft:deep_frozen_ocean"
									}
								}
							]
						}
					]
                },
                {
                    "type": "loot_table",
                    "weight": 1,
                    "name": "minecraft:gameplay/fishing/fish/fish_cool",
					"conditions": [
						{
						"condition": "minecraft:alternative",
						"terms": [
								{
								"condition": "minecraft:location_check",
								"predicate": {
									"biome": "minecraft:cold_ocean"
									}
								},
								{
								"condition": "minecraft:location_check",
								"predicate": {
									"biome": "minecraft:deep_cold_ocean"
									}
								},
								{
								"condition": "minecraft:location_check",
								"predicate": {
									"biome": "minecraft:ocean"
									}
								},
								{
								"condition": "minecraft:location_check",
								"predicate": {
									"biome": "minecraft:deep_ocean"
									}
								},
								{
								"condition": "minecraft:location_check",
								"predicate": {
									"biome": "minecraft:stone_shore"
									}
								},
								{
								"condition": "minecraft:location_check",
								"predicate": {
									"biome": "minecraft:mountains"
									}
								},
								{
								"condition": "minecraft:location_check",
								"predicate": {
									"biome": "minecraft:wooded_mountains"
									}
								},
								{
								"condition": "minecraft:location_check",
								"predicate": {
									"biome": "minecraft:gravelly_mountains"
									}
								},
								{
								"condition": "minecraft:location_check",
								"predicate": {
									"biome": "minecraft:modified_gravelly_mountains"
									}
								},
								{
								"condition": "minecraft:location_check",
								"predicate": {
									"biome": "minecraft:taiga"
									}
								},
								{
								"condition": "minecraft:location_check",
								"predicate": {
									"biome": "minecraft:taiga_hills"
									}
								},
								{
								"condition": "minecraft:location_check",
								"predicate": {
									"biome": "minecraft:taiga_mountains"
									}
								},
								{
								"condition": "minecraft:location_check",
								"predicate": {
									"biome": "minecraft:giant_tree_taiga"
									}
								},
								{
								"condition": "minecraft:location_check",
								"predicate": {
									"biome": "minecraft:giant_tree_taiga_hills"
									}
								},
								{
								"condition": "minecraft:location_check",
								"predicate": {
									"biome": "minecraft:giant_spruce_taiga"
									}
								},
								{
								"condition": "minecraft:location_check",
								"predicate": {
									"biome": "minecraft:giant_spruce_taiga_hills"
									}
								},
								{
								"condition": "minecraft:location_check",
								"predicate": {
									"biome": "minecraft:the_end"
									}
								},
								{
								"condition": "minecraft:location_check",
								"predicate": {
									"biome": "minecraft:small_end_islands"
									}
								},
								{
								"condition": "minecraft:location_check",
								"predicate": {
									"biome": "minecraft:end_midlands"
									}
								},
								{
								"condition": "minecraft:location_check",
								"predicate": {
									"biome": "minecraft:end_highlands"
									}
								},
								{
								"condition": "minecraft:location_check",
								"predicate": {
									"biome": "minecraft:end_barrens"
									}
								}
							]
						}
					]
                },
                {
                    "type": "loot_table",
                    "weight": 1,
                    "name": "minecraft:gameplay/fishing/fish/fish_tropical",
					"conditions": [
						{
							"condition": "minecraft:alternative",
							"terms": [
								{
								"condition": "minecraft:location_check",
								"predicate": {
									"biome": "minecraft:jungle"
									}
								},
								{
								"condition": "minecraft:location_check",
								"predicate": {
									"biome": "minecraft:jungle_hills"
									}
								},
								{
								"condition": "minecraft:location_check",
								"predicate": {
									"biome": "minecraft:jungle_edge"
									}
								},
								{
								"condition": "minecraft:location_check",
								"predicate": {
									"biome": "minecraft:bamboo_jungle"
									}
								},
								{
								"condition": "minecraft:location_check",
								"predicate": {
									"biome": "minecraft:modified_jungle"
									}
								},
								{
								"condition": "minecraft:location_check",
								"predicate": {
									"biome": "minecraft:modified_jungle_edge"
									}
								},
								{
								"condition": "minecraft:location_check",
								"predicate": {
									"biome": "minecraft:bamboo_jungle_hills"
									}
								},
								{
								"condition": "minecraft:location_check",
								"predicate": {
									"biome": "minecraft:lukewarm_ocean"
									}
								},
								{
								"condition": "minecraft:location_check",
								"predicate": {
									"biome": "minecraft:deep_lukewarm_ocean"
									}
								},
								{
								"condition": "minecraft:location_check",
								"predicate": {
									"biome": "minecraft:warm_ocean"
									}
								},
								{
								"condition": "minecraft:location_check",
								"predicate": {
									"biome": "minecraft:deep_warm_ocean"
									}
								}
							]
						}
					]
                },
                {
                    "type": "loot_table",
                    "weight": 1,
                    "name": "minecraft:gameplay/fishing/fish/fish_hot",
					"conditions": [
						{
						"condition": "minecraft:alternative",
						"terms": [
								{
								"condition": "minecraft:location_check",
								"predicate": {
									"biome": "minecraft:desert"
									}
								},
								{
								"condition": "minecraft:location_check",
								"predicate": {
									"biome": "minecraft:desert_hills"
									}
								},
								{
								"condition": "minecraft:location_check",
								"predicate": {
									"biome": "minecraft:desert_lakes"
									}
								},
								{
								"condition": "minecraft:location_check",
								"predicate": {
									"biome": "minecraft:badlands"
									}
								},
								{
								"condition": "minecraft:location_check",
								"predicate": {
									"biome": "minecraft:badlands_plateau"
									}
								},
								{
								"condition": "minecraft:location_check",
								"predicate": {
									"biome": "minecraft:modified_badlands_plateau"
									}
								},
								{
								"condition": "minecraft:location_check",
								"predicate": {
									"biome": "minecraft:wooded_badlands_plateau"
									}
								},
								{
								"condition": "minecraft:location_check",
								"predicate": {
									"biome": "minecraft:modified_wooded_badlands_plateau"
									}
								},
								{
								"condition": "minecraft:location_check",
								"predicate": {
									"biome": "minecraft:eroded_badlands"
									}
								},
								{
								"condition": "minecraft:location_check",
								"predicate": {
									"biome": "minecraft:savanna"
									}
								},
								{
								"condition": "minecraft:location_check",
								"predicate": {
									"biome": "minecraft:savanna_plateau"
									}
								},
								{
								"condition": "minecraft:location_check",
								"predicate": {
									"biome": "minecraft:shattered_savanna"
									}
								},
								{
								"condition": "minecraft:location_check",
								"predicate": {
									"biome": "minecraft:shattered_savanna_plateau"
									}
								},
								{
								"condition": "minecraft:location_check",
								"predicate": {
									"biome": "minecraft:nether_wastes"
									}
								},
								{
								"condition": "minecraft:location_check",
								"predicate": {
									"biome": "minecraft:crimson_forest"
									}
								},
								{
								"condition": "minecraft:location_check",
								"predicate": {
									"biome": "minecraft:warped_forest"
									}
								},
								{
								"condition": "minecraft:location_check",
								"predicate": {
									"biome": "minecraft:soul_sand_valley"
									}
								},
								{
								"condition": "minecraft:location_check",
								"predicate": {
									"biome": "minecraft:basalt_deltas"
									}
								}
							]
						}
					]
                },
                {
                    "type": "loot_table",
                    "weight": 1,
                    "name": "minecraft:gameplay/fishing/fish/fish_freshwater",
					"conditions": [
						{
							"condition": "minecraft:alternative",
							"terms": [
								{
								"condition": "minecraft:location_check",
								"predicate": {
									"biome": "minecraft:river"
									}
								},
								{
								"condition": "minecraft:location_check",
								"predicate": {
									"biome": "minecraft:beach"
									}
								},
								{
								"condition": "minecraft:location_check",
								"predicate": {
									"biome": "minecraft:forest"
									}
								},
								{
								"condition": "minecraft:location_check",
								"predicate": {
									"biome": "minecraft:wooded_hills"
									}
								},
								{
								"condition": "minecraft:location_check",
								"predicate": {
									"biome": "minecraft:flower_forest"
									}
								},
								{
								"condition": "minecraft:location_check",
								"predicate": {
									"biome": "minecraft:birch_forest"
									}
								},
								{
								"condition": "minecraft:location_check",
								"predicate": {
									"biome": "minecraft:birch_forest_hills"
									}
								},
								{
								"condition": "minecraft:location_check",
								"predicate": {
									"biome": "minecraft:tall_birch_forest"
									}
								},
								{
								"condition": "minecraft:location_check",
								"predicate": {
									"biome": "minecraft:tall_birch_hills"
									}
								},
								{
								"condition": "minecraft:location_check",
								"predicate": {
									"biome": "minecraft:dark_forest"
									}
								},
								{
								"condition": "minecraft:location_check",
								"predicate": {
									"biome": "minecraft:dark_forest_hills"
									}
								},
								{
								"condition": "minecraft:location_check",
								"predicate": {
									"biome": "minecraft:mushroom_fields"
									}
								},
								{
								"condition": "minecraft:location_check",
								"predicate": {
									"biome": "minecraft:mushroom_field_shore"
									}
								},
								{
								"condition": "minecraft:location_check",
								"predicate": {
									"biome": "minecraft:swamp"
									}
								},
								{
								"condition": "minecraft:location_check",
								"predicate": {
									"biome": "minecraft:swamp_hills"
									}
								},
								{
								"condition": "minecraft:location_check",
								"predicate": {
									"biome": "minecraft:plains"
									}
								},
								{
								"condition": "minecraft:location_check",
								"predicate": {
									"biome": "minecraft:sunflower_plains"
									}
								},
								{
								"condition": "minecraft:location_check",
								"predicate": {
									"biome": "minecraft:the_void"
									}
								}
							]
						}
					]
                }
            ]
        }
    ]
}