{
    "pools": [
        {
            "rolls": 1,
            "entries": [
                {
                    "type": "loot_table",
                    "weight": 10,
                    "name": "minecraft:gameplay/fishing/mob/cold",
					"conditions": [
						{
						"condition": "minecraft:alternative",
						"terms": [
								{
								"condition": "minecraft:location_check",
								"predicate": {
									"biome": "minecraft:snowy_tundra"
									}
								},
								{
								"condition": "minecraft:location_check",
								"predicate": {
									"biome": "minecraft:snowy_mountains"
									}
								},
								{
								"condition": "minecraft:location_check",
								"predicate": {
									"biome": "minecraft:ice_spikes"
									}
								},
								{
								"condition": "minecraft:location_check",
								"predicate": {
									"biome": "minecraft:snowy_taiga_mountains"
									}
								},
								{
								"condition": "minecraft:location_check",
								"predicate": {
									"biome": "minecraft:snowy_taiga_hills"
									}
								},
								{
								"condition": "minecraft:location_check",
								"predicate": {
									"biome": "minecraft:snowy_taiga"
									}
								},
								{
								"condition": "minecraft:location_check",
								"predicate": {
									"biome": "minecraft:snowy_beach"
									}
								},
								{
								"condition": "minecraft:location_check",
								"predicate": {
									"biome": "minecraft:frozen_river"
									}
								},
								{
								"condition": "minecraft:location_check",
								"predicate": {
									"biome": "minecraft:the_void"
									}
								}
							]
						}
					]
                },
                {
                    "type": "loot_table",
                    "weight": 10,
                    "name": "minecraft:gameplay/fishing/mob/desert",
					"conditions": [
						{
						"condition": "minecraft:alternative",
						"terms": [
								{
								"condition": "minecraft:location_check",
								"predicate": {
									"biome": "minecraft:desert"
									}
								},
								{
								"condition": "minecraft:location_check",
								"predicate": {
									"biome": "minecraft:desert_hills"
									}
								},
								{
								"condition": "minecraft:location_check",
								"predicate": {
									"biome": "minecraft:desert_lakes"
									}
								},
								{
								"condition": "minecraft:location_check",
								"predicate": {
									"biome": "minecraft:the_void"
									}
								}
							]
						}
					]
                },
                {
                    "type": "loot_table",
                    "weight": 10,
                    "name": "minecraft:gameplay/fishing/mob/ocean",
					"conditions": [
						{
						"condition": "minecraft:alternative",
						"terms": [
								{
								"condition": "minecraft:location_check",
								"predicate": {
									"biome": "minecraft:frozen_ocean"
									}
								},
								{
								"condition": "minecraft:location_check",
								"predicate": {
									"biome": "minecraft:deep_frozen_ocean"
									}
								},
								{
								"condition": "minecraft:location_check",
								"predicate": {
									"biome": "minecraft:cold_ocean"
									}
								},
								{
								"condition": "minecraft:location_check",
								"predicate": {
									"biome": "minecraft:deep_cold_ocean"
									}
								},
								{
								"condition": "minecraft:location_check",
								"predicate": {
									"biome": "minecraft:ocean"
									}
								},
								{
								"condition": "minecraft:location_check",
								"predicate": {
									"biome": "minecraft:deep_ocean"
									}
								},
								{
								"condition": "minecraft:location_check",
								"predicate": {
									"biome": "minecraft:warm_ocean"
									}
								},
								{
								"condition": "minecraft:location_check",
								"predicate": {
									"biome": "minecraft:deep_warm_ocean"
									}
								},
								{
								"condition": "minecraft:location_check",
								"predicate": {
									"biome": "minecraft:lukewarm_ocean"
									}
								},
								{
								"condition": "minecraft:location_check",
								"predicate": {
									"biome": "minecraft:deep_lukewarm_ocean"
									}
								},
								{
								"condition": "minecraft:location_check",
								"predicate": {
									"biome": "minecraft:stone_shore"
									}
								},
								{
								"condition": "minecraft:location_check",
								"predicate": {
									"biome": "minecraft:beach"
									}
								},
								{
								"condition": "minecraft:location_check",
								"predicate": {
									"biome": "minecraft:the_void"
									}
								}
							]
						}
					]
                },
                {
                    "type": "loot_table",
                    "weight": 1,
                    "name": "minecraft:gameplay/fishing/mob/generic"
                }
            ]
        }
    ]
}