{
    "pools": [
        {
            "rolls": 1,
            "entries": [
                {
                    "type": "item",
                    "weight": 10,
                    "name": "minecraft:leather"
                },
                {
                    "type": "item",
                    "weight": 10,
                    "name": "minecraft:bone"
                },
                {
                    "type": "item",
                    "weight": 10,
                    "name": "minecraft:string"
                },
                {
                    "type": "item",
                    "weight": 10,
                    "name": "minecraft:bowl"
                },
                {
                    "type": "item",
                    "weight": 10,
                    "name": "minecraft:stick"
                },
                {
                    "type": "item",
                    "weight": 10,
                    "name": "minecraft:tripwire_hook"
                },
                {
                    "type": "item",
                    "weight": 10,
                    "name": "minecraft:rotten_flesh"
                }
            ]
        }
    ]
}