{
  "scale": 0.2,
  "effects": {
    "mood_sound": {
      "sound": "minecraft:ambient.cave",
      "tick_delay": 6000,
      "block_search_extent": 8,
      "offset": 2.0
    },
    "sky_color": 13553381,
    "fog_color": 14342898,
	"foliage_color": 9807259,
	"grass_color": 14345690,
    "water_color": 5321471,
    "water_fog_color": 7889151
  },
  "surface_builder": "minecraft:nope",
  "carvers": {},
  "features": [
    [],
    [],
    [],
    [],
    [],
    [],
    [],
    [],
    [],
    [
      "minecraft:void_start_platform"
    ]
  ],
  "starts": [],
  "spawners": {
    "monster": [],
    "creature": [],
    "ambient": [],
    "water_creature": [],
    "water_ambient": [],
    "misc": []
  },
  "spawn_costs": {},
  "player_spawn_friendly": false,
  "precipitation": "snow",
  "temperature": 0.5,
  "downfall": 0.5,
  "category": "plains",
  "depth": 0.1
}