{"type":"entity","pools":[{"rolls":1,"entries":[{"type":"item","weight":1,"name":"minecraft:emerald","functions":[{"function":"set_count","count":{"min":1,"max":2}},{"function":"set_nbt","tag":"{display:{Name:'{\"text\":\"Unset Token\",\"color\":\"gray\",\"bold\":true,\"italic\":false}'},CustomModelData:573603}"}]}]},{"rolls":{"min":1,"max":2},"entries":[{"type":"item","weight":4,"name":"minecraft:iron_ingot","functions":[{"function":"set_count","count":{"min":4,"max":6}}]},{"type":"item","weight":2,"name":"minecraft:lapis_lazuli","functions":[{"function":"set_count","count":{"min":5,"max":8}}]},{"type":"item","weight":2,"name":"minecraft:gold_ingot","functions":[{"function":"set_count","count":{"min":3,"max":5}}]}]}]}