{"type":"entity","pools":[{"rolls":1,"bonus_rolls":1,"entries":[{"type":"item","weight":9,"name":"minecraft:emerald","functions":[{"function":"set_count","count":{"min":3,"max":5}},{"function":"set_nbt","tag":"{display:{Name:'{\"text\":\"Unset Token\",\"color\":\"gray\",\"bold\":true,\"italic\":false}'},CustomModelData:573603}"}]},{"type":"item","weight":1,"name":"minecraft:emerald","functions":[{"function":"set_count","count":{"min":6,"max":9}},{"function":"set_nbt","tag":"{display:{Name:'{\"text\":\"Unset Token\",\"color\":\"gray\",\"bold\":true,\"italic\":false}'},CustomModelData:573603}"}]}]},{"rolls":{"min":2,"max":3},"bonus_rolls":1,"entries":[{"type":"item","weight":10,"name":"minecraft:iron_ingot","functions":[{"function":"set_count","count":{"min":5,"max":8}}]},{"type":"item","weight":6,"name":"minecraft:gold_ingot","functions":[{"function":"set_count","count":{"min":5,"max":8}}]},{"type":"item","weight":2,"quality":1,"name":"minecraft:diamond","functions":[{"function":"set_count","count":{"min":4,"max":7}}]}]},{"rolls":1,"entries":[{"type":"empty","weight":8},{"type":"item","weight":1,"name":"minecraft:command_block","functions":[{"function":"set_count","count":1},{"function":"set_nbt","tag":"{CustomModelData:573603}"},{"function":"set_name","name":[{"text":"Ancient Undead Miner Trophy","color":"dark_purple","bold":true,"italic":false}]},{"function":"set_lore","lore":[{"text":"This thing has been underground for"},{"text":"centuries before it was finally dug"},{"text":"up recently, it had been on a rampage"},{"text":"ever since, thank you for stopping it"}]}]},{"type":"item","weight":1,"name":"minecraft:carrot_on_a_stick","functions":[{"function":"set_count","count":1},{"function":"set_nbt","tag":"{HideFlags:4,Unbreakable:1b,CustomModelData:573601}"},{"function":"set_name","name":[{"text":"Ancient Miner's Head","color":"light_purple","bold":true,"italic":false}]}]}]}]}