{"type":"generic","pools":[{"rolls":1,"entries":[{"type":"item","weight":9,"name":"minecraft:netherite_ingot","functions":[{"function":"set_count","count":1}]},{"type":"item","weight":10,"name":"minecraft:netherite_hoe","functions":[{"function":"set_count","count":1}]},{"type":"item","weight":10,"name":"minecraft:netherite_shovel","functions":[{"function":"set_count","count":1}]},{"type":"item","weight":10,"name":"minecraft:netherite_axe","functions":[{"function":"set_count","count":1}]},{"type":"item","weight":10,"name":"minecraft:netherite_pickaxe","functions":[{"function":"set_count","count":1}]},{"type":"item","weight":10,"name":"minecraft:netherite_sword","functions":[{"function":"set_count","count":1}]},{"type":"item","weight":10,"name":"minecraft:netherite_helmet","functions":[{"function":"set_count","count":1}]},{"type":"item","weight":10,"name":"minecraft:netherite_chestplate","functions":[{"function":"set_count","count":1}]},{"type":"item","weight":10,"name":"minecraft:netherite_leggings","functions":[{"function":"set_count","count":1}]},{"type":"item","weight":10,"name":"minecraft:netherite_boots","functions":[{"function":"set_count","count":1}]},{"type":"item","weight":1,"name":"minecraft:netherite_block","functions":[{"function":"set_count","count":1}]}]}]}