{
  "type": "dungeons:eternal_day",
  "generator": {
    "type": "minecraft:noise",
    "seed": 1069184370,
    "biome_source": {
      "type": "minecraft:checkerboard",
      "seed": 1069184370,
      "scale": 10,
      "biomes": [
        "dungeons:spring",
        "dungeons:summer",
		"dungeons:fall",
		"dungeons:winter",
		"dungeons:the_void"
      ]
    },
    "settings": {
      "name": "minecraft:overworld",
      "bedrock_roof_position": -10,
      "bedrock_floor_position": -10,
      "sea_level": 0,
      "disable_mob_generation": true,
      "default_block": {
        "Name": "minecraft:air"
      },
      "default_fluid": {
        "Name": "minecraft:air"
      },
      "noise": {
        "density_factor": 1,
        "density_offset": -20,
        "simplex_surface_noise": true,
        "random_density_offset": true,
        "island_noise_override": false,
        "amplified": false,
        "size_horizontal": 4,
        "size_vertical": 2,
        "height": 256,
        "sampling": {
          "xz_scale": 1,
          "y_scale": 1,
          "xz_factor": 80,
          "y_factor": 160
        },
        "bottom_slide": {
          "target": -30,
          "size": 0,
          "offset": 0
        },
        "top_slide": {
          "target": -10,
          "size": 3,
          "offset": 0
        }
      },
      "structures": {
        "structures": {}
      }
    }
  }
}