{
    "variants": {
        "facing=east,half=bottom,shape=straight":  [ 
			{"model":"block/purpur_stairs/0","weight":70}, 
			{"model":"block/purpur_stairs/1","weight":3},
			{"model":"block/purpur_stairs/2","weight":3}, 
			{"model":"block/purpur_stairs/3","weight":3},
			{"model":"block/purpur_stairs/4","weight":3}, 
			{"model":"block/purpur_stairs/5","weight":3}, 
			{"model":"block/purpur_stairs/6","weight":3}, 
			{"model":"block/purpur_stairs/7","weight":3}, 
			{"model":"block/purpur_stairs/8","weight":3}, 
			{"model":"block/purpur_stairs/9","weight":3},
			{"model":"block/purpur_stairs/10","weight":3}   
		],
        "facing=west,half=bottom,shape=straight":  [ 
			{"model":"block/purpur_stairs/0", "y": 180, "uvlock": true ,"weight":70}, 
			{"model":"block/purpur_stairs/1", "y": 180, "uvlock": true ,"weight":3},
			{"model":"block/purpur_stairs/2", "y": 180, "uvlock": true ,"weight":3}, 
			{"model":"block/purpur_stairs/3", "y": 180, "uvlock": true ,"weight":3},
			{"model":"block/purpur_stairs/4", "y": 180, "uvlock": true ,"weight":3}, 
			{"model":"block/purpur_stairs/5", "y": 180, "uvlock": true ,"weight":3}, 
			{"model":"block/purpur_stairs/6", "y": 180, "uvlock": true ,"weight":3}, 
			{"model":"block/purpur_stairs/7", "y": 180, "uvlock": true ,"weight":3}, 
			{"model":"block/purpur_stairs/8", "y": 180, "uvlock": true ,"weight":3}, 
			{"model":"block/purpur_stairs/9", "y": 180, "uvlock": true ,"weight":3},
			{"model":"block/purpur_stairs/10", "y": 180, "uvlock": true ,"weight":3}   
		],
        "facing=south,half=bottom,shape=straight": [ 
			{"model":"block/purpur_stairs/0", "y": 90, "uvlock": true ,"weight":70}, 
			{"model":"block/purpur_stairs/1", "y": 90, "uvlock": true ,"weight":3},
			{"model":"block/purpur_stairs/2", "y": 90, "uvlock": true ,"weight":3}, 
			{"model":"block/purpur_stairs/3", "y": 90, "uvlock": true ,"weight":3},
			{"model":"block/purpur_stairs/4", "y": 90, "uvlock": true ,"weight":3}, 
			{"model":"block/purpur_stairs/5", "y": 90, "uvlock": true ,"weight":3}, 
			{"model":"block/purpur_stairs/6", "y": 90, "uvlock": true ,"weight":3}, 
			{"model":"block/purpur_stairs/7", "y": 90, "uvlock": true ,"weight":3}, 
			{"model":"block/purpur_stairs/8", "y": 90, "uvlock": true ,"weight":3}, 
			{"model":"block/purpur_stairs/9", "y": 90, "uvlock": true ,"weight":3},
			{"model":"block/purpur_stairs/10", "y": 90, "uvlock": true ,"weight":3}   
		],
        "facing=north,half=bottom,shape=straight": [ 
			{"model":"block/purpur_stairs/0", "y": 270, "uvlock": true ,"weight":70}, 
			{"model":"block/purpur_stairs/1", "y": 270, "uvlock": true ,"weight":3},
			{"model":"block/purpur_stairs/2", "y": 270, "uvlock": true ,"weight":3}, 
			{"model":"block/purpur_stairs/3", "y": 270, "uvlock": true ,"weight":3},
			{"model":"block/purpur_stairs/4", "y": 270, "uvlock": true ,"weight":3}, 
			{"model":"block/purpur_stairs/5", "y": 270, "uvlock": true ,"weight":3}, 
			{"model":"block/purpur_stairs/6", "y": 270, "uvlock": true ,"weight":3}, 
			{"model":"block/purpur_stairs/7", "y": 270, "uvlock": true ,"weight":3}, 
			{"model":"block/purpur_stairs/8", "y": 270, "uvlock": true ,"weight":3}, 
			{"model":"block/purpur_stairs/9", "y": 270, "uvlock": true ,"weight":3},
			{"model":"block/purpur_stairs/10", "y": 270, "uvlock": true ,"weight":3}   
		],
        "facing=east,half=bottom,shape=outer_right":  [ 
			{"model":"block/purpur_stairs_outer/0","weight":70}, 
			{"model":"block/purpur_stairs_outer/1","weight":3},
			{"model":"block/purpur_stairs_outer/2","weight":3}, 
			{"model":"block/purpur_stairs_outer/3","weight":3},
			{"model":"block/purpur_stairs_outer/4","weight":3}, 
			{"model":"block/purpur_stairs_outer/5","weight":3}, 
			{"model":"block/purpur_stairs_outer/6","weight":3}, 
			{"model":"block/purpur_stairs_outer/7","weight":3}, 
			{"model":"block/purpur_stairs_outer/8","weight":3}, 
			{"model":"block/purpur_stairs_outer/9","weight":3},
			{"model":"block/purpur_stairs_outer/10","weight":3}   
		],
        "facing=west,half=bottom,shape=outer_right":  [ 
			{"model":"block/purpur_stairs_outer/0", "y": 180, "uvlock": true ,"weight":70}, 
			{"model":"block/purpur_stairs_outer/1", "y": 180, "uvlock": true ,"weight":3},
			{"model":"block/purpur_stairs_outer/2", "y": 180, "uvlock": true ,"weight":3}, 
			{"model":"block/purpur_stairs_outer/3", "y": 180, "uvlock": true ,"weight":3},
			{"model":"block/purpur_stairs_outer/4", "y": 180, "uvlock": true ,"weight":3}, 
			{"model":"block/purpur_stairs_outer/5", "y": 180, "uvlock": true ,"weight":3}, 
			{"model":"block/purpur_stairs_outer/6", "y": 180, "uvlock": true ,"weight":3}, 
			{"model":"block/purpur_stairs_outer/7", "y": 180, "uvlock": true ,"weight":3}, 
			{"model":"block/purpur_stairs_outer/8", "y": 180, "uvlock": true ,"weight":3}, 
			{"model":"block/purpur_stairs_outer/9", "y": 180, "uvlock": true ,"weight":3},
			{"model":"block/purpur_stairs_outer/10", "y": 180, "uvlock": true ,"weight":3}   
		],
        "facing=south,half=bottom,shape=outer_right": [ 
			{"model":"block/purpur_stairs_outer/0", "y": 90, "uvlock": true ,"weight":70}, 
			{"model":"block/purpur_stairs_outer/1", "y": 90, "uvlock": true ,"weight":3},
			{"model":"block/purpur_stairs_outer/2", "y": 90, "uvlock": true ,"weight":3}, 
			{"model":"block/purpur_stairs_outer/3", "y": 90, "uvlock": true ,"weight":3},
			{"model":"block/purpur_stairs_outer/4", "y": 90, "uvlock": true ,"weight":3}, 
			{"model":"block/purpur_stairs_outer/5", "y": 90, "uvlock": true ,"weight":3}, 
			{"model":"block/purpur_stairs_outer/6", "y": 90, "uvlock": true ,"weight":3}, 
			{"model":"block/purpur_stairs_outer/7", "y": 90, "uvlock": true ,"weight":3}, 
			{"model":"block/purpur_stairs_outer/8", "y": 90, "uvlock": true ,"weight":3}, 
			{"model":"block/purpur_stairs_outer/9", "y": 90, "uvlock": true ,"weight":3},
			{"model":"block/purpur_stairs_outer/10", "y": 90, "uvlock": true ,"weight":3}   
		],
        "facing=north,half=bottom,shape=outer_right": [ 
			{"model":"block/purpur_stairs_outer/0", "y": 270, "uvlock": true ,"weight":70}, 
			{"model":"block/purpur_stairs_outer/1", "y": 270, "uvlock": true ,"weight":3},
			{"model":"block/purpur_stairs_outer/2", "y": 270, "uvlock": true ,"weight":3}, 
			{"model":"block/purpur_stairs_outer/3", "y": 270, "uvlock": true ,"weight":3},
			{"model":"block/purpur_stairs_outer/4", "y": 270, "uvlock": true ,"weight":3}, 
			{"model":"block/purpur_stairs_outer/5", "y": 270, "uvlock": true ,"weight":3}, 
			{"model":"block/purpur_stairs_outer/6", "y": 270, "uvlock": true ,"weight":3}, 
			{"model":"block/purpur_stairs_outer/7", "y": 270, "uvlock": true ,"weight":3}, 
			{"model":"block/purpur_stairs_outer/8", "y": 270, "uvlock": true ,"weight":3}, 
			{"model":"block/purpur_stairs_outer/9", "y": 270, "uvlock": true ,"weight":3},
			{"model":"block/purpur_stairs_outer/10", "y": 270, "uvlock": true ,"weight":3}   
		],
        "facing=east,half=bottom,shape=outer_left":  [ 
			{"model":"block/purpur_stairs_outer/0", "y": 270, "uvlock": true ,"weight":70}, 
			{"model":"block/purpur_stairs_outer/1", "y": 270, "uvlock": true ,"weight":3},
			{"model":"block/purpur_stairs_outer/2", "y": 270, "uvlock": true ,"weight":3}, 
			{"model":"block/purpur_stairs_outer/3", "y": 270, "uvlock": true ,"weight":3},
			{"model":"block/purpur_stairs_outer/4", "y": 270, "uvlock": true ,"weight":3}, 
			{"model":"block/purpur_stairs_outer/5", "y": 270, "uvlock": true ,"weight":3}, 
			{"model":"block/purpur_stairs_outer/6", "y": 270, "uvlock": true ,"weight":3}, 
			{"model":"block/purpur_stairs_outer/7", "y": 270, "uvlock": true ,"weight":3}, 
			{"model":"block/purpur_stairs_outer/8", "y": 270, "uvlock": true ,"weight":3}, 
			{"model":"block/purpur_stairs_outer/9", "y": 270, "uvlock": true ,"weight":3},
			{"model":"block/purpur_stairs_outer/10", "y": 270, "uvlock": true ,"weight":3}   
		],
        "facing=west,half=bottom,shape=outer_left":  [ 
			{"model":"block/purpur_stairs_outer/0", "y": 90, "uvlock": true ,"weight":70}, 
			{"model":"block/purpur_stairs_outer/1", "y": 90, "uvlock": true ,"weight":3},
			{"model":"block/purpur_stairs_outer/2", "y": 90, "uvlock": true ,"weight":3}, 
			{"model":"block/purpur_stairs_outer/3", "y": 90, "uvlock": true ,"weight":3},
			{"model":"block/purpur_stairs_outer/4", "y": 90, "uvlock": true ,"weight":3}, 
			{"model":"block/purpur_stairs_outer/5", "y": 90, "uvlock": true ,"weight":3}, 
			{"model":"block/purpur_stairs_outer/6", "y": 90, "uvlock": true ,"weight":3}, 
			{"model":"block/purpur_stairs_outer/7", "y": 90, "uvlock": true ,"weight":3}, 
			{"model":"block/purpur_stairs_outer/8", "y": 90, "uvlock": true ,"weight":3}, 
			{"model":"block/purpur_stairs_outer/9", "y": 90, "uvlock": true ,"weight":3},
			{"model":"block/purpur_stairs_outer/10", "y": 90, "uvlock": true ,"weight":3}   
		],
        "facing=south,half=bottom,shape=outer_left": [ 
			{"model":"block/purpur_stairs_outer/0","weight":70}, 
			{"model":"block/purpur_stairs_outer/1","weight":3},
			{"model":"block/purpur_stairs_outer/2","weight":3}, 
			{"model":"block/purpur_stairs_outer/3","weight":3},
			{"model":"block/purpur_stairs_outer/4","weight":3}, 
			{"model":"block/purpur_stairs_outer/5","weight":3}, 
			{"model":"block/purpur_stairs_outer/6","weight":3}, 
			{"model":"block/purpur_stairs_outer/7","weight":3}, 
			{"model":"block/purpur_stairs_outer/8","weight":3}, 
			{"model":"block/purpur_stairs_outer/9","weight":3},
			{"model":"block/purpur_stairs_outer/10","weight":3}   
		],
        "facing=north,half=bottom,shape=outer_left": [ 
			{"model":"block/purpur_stairs_outer/0", "y": 180, "uvlock": true ,"weight":70}, 
			{"model":"block/purpur_stairs_outer/1", "y": 180, "uvlock": true ,"weight":3},
			{"model":"block/purpur_stairs_outer/2", "y": 180, "uvlock": true ,"weight":3}, 
			{"model":"block/purpur_stairs_outer/3", "y": 180, "uvlock": true ,"weight":3},
			{"model":"block/purpur_stairs_outer/4", "y": 180, "uvlock": true ,"weight":3}, 
			{"model":"block/purpur_stairs_outer/5", "y": 180, "uvlock": true ,"weight":3}, 
			{"model":"block/purpur_stairs_outer/6", "y": 180, "uvlock": true ,"weight":3}, 
			{"model":"block/purpur_stairs_outer/7", "y": 180, "uvlock": true ,"weight":3}, 
			{"model":"block/purpur_stairs_outer/8", "y": 180, "uvlock": true ,"weight":3}, 
			{"model":"block/purpur_stairs_outer/9", "y": 180, "uvlock": true ,"weight":3},
			{"model":"block/purpur_stairs_outer/10", "y": 180, "uvlock": true ,"weight":3}   
		],
        "facing=east,half=bottom,shape=inner_right":  [ 
			{"model":"block/purpur_stairs_inner/0","weight":70}, 
			{"model":"block/purpur_stairs_inner/1","weight":3},
			{"model":"block/purpur_stairs_inner/2","weight":3}, 
			{"model":"block/purpur_stairs_inner/3","weight":3},
			{"model":"block/purpur_stairs_inner/4","weight":3}, 
			{"model":"block/purpur_stairs_inner/5","weight":3}, 
			{"model":"block/purpur_stairs_inner/6","weight":3}, 
			{"model":"block/purpur_stairs_inner/7","weight":3}, 
			{"model":"block/purpur_stairs_inner/8","weight":3}, 
			{"model":"block/purpur_stairs_inner/9","weight":3},
			{"model":"block/purpur_stairs_inner/10","weight":3}   
		],
        "facing=west,half=bottom,shape=inner_right":  [ 
			{"model":"block/purpur_stairs_inner/0", "y": 180, "uvlock": true ,"weight":70}, 
			{"model":"block/purpur_stairs_inner/1", "y": 180, "uvlock": true ,"weight":3},
			{"model":"block/purpur_stairs_inner/2", "y": 180, "uvlock": true ,"weight":3}, 
			{"model":"block/purpur_stairs_inner/3", "y": 180, "uvlock": true ,"weight":3},
			{"model":"block/purpur_stairs_inner/4", "y": 180, "uvlock": true ,"weight":3}, 
			{"model":"block/purpur_stairs_inner/5", "y": 180, "uvlock": true ,"weight":3}, 
			{"model":"block/purpur_stairs_inner/6", "y": 180, "uvlock": true ,"weight":3}, 
			{"model":"block/purpur_stairs_inner/7", "y": 180, "uvlock": true ,"weight":3}, 
			{"model":"block/purpur_stairs_inner/8", "y": 180, "uvlock": true ,"weight":3}, 
			{"model":"block/purpur_stairs_inner/9", "y": 180, "uvlock": true ,"weight":3},
			{"model":"block/purpur_stairs_inner/10", "y": 180, "uvlock": true ,"weight":3}   
		],
        "facing=south,half=bottom,shape=inner_right": [ 
			{"model":"block/purpur_stairs_inner/0", "y": 90, "uvlock": true ,"weight":70}, 
			{"model":"block/purpur_stairs_inner/1", "y": 90, "uvlock": true ,"weight":3},
			{"model":"block/purpur_stairs_inner/2", "y": 90, "uvlock": true ,"weight":3}, 
			{"model":"block/purpur_stairs_inner/3", "y": 90, "uvlock": true ,"weight":3},
			{"model":"block/purpur_stairs_inner/4", "y": 90, "uvlock": true ,"weight":3}, 
			{"model":"block/purpur_stairs_inner/5", "y": 90, "uvlock": true ,"weight":3}, 
			{"model":"block/purpur_stairs_inner/6", "y": 90, "uvlock": true ,"weight":3}, 
			{"model":"block/purpur_stairs_inner/7", "y": 90, "uvlock": true ,"weight":3}, 
			{"model":"block/purpur_stairs_inner/8", "y": 90, "uvlock": true ,"weight":3}, 
			{"model":"block/purpur_stairs_inner/9", "y": 90, "uvlock": true ,"weight":3},
			{"model":"block/purpur_stairs_inner/10", "y": 90, "uvlock": true ,"weight":3}   
		],
        "facing=north,half=bottom,shape=inner_right": [ 
			{"model":"block/purpur_stairs_inner/0", "y": 270, "uvlock": true ,"weight":70}, 
			{"model":"block/purpur_stairs_inner/1", "y": 270, "uvlock": true ,"weight":3},
			{"model":"block/purpur_stairs_inner/2", "y": 270, "uvlock": true ,"weight":3}, 
			{"model":"block/purpur_stairs_inner/3", "y": 270, "uvlock": true ,"weight":3},
			{"model":"block/purpur_stairs_inner/4", "y": 270, "uvlock": true ,"weight":3}, 
			{"model":"block/purpur_stairs_inner/5", "y": 270, "uvlock": true ,"weight":3}, 
			{"model":"block/purpur_stairs_inner/6", "y": 270, "uvlock": true ,"weight":3}, 
			{"model":"block/purpur_stairs_inner/7", "y": 270, "uvlock": true ,"weight":3}, 
			{"model":"block/purpur_stairs_inner/8", "y": 270, "uvlock": true ,"weight":3}, 
			{"model":"block/purpur_stairs_inner/9", "y": 270, "uvlock": true ,"weight":3},
			{"model":"block/purpur_stairs_inner/10", "y": 270, "uvlock": true ,"weight":3}   
		],
        "facing=east,half=bottom,shape=inner_left":  [ 
			{"model":"block/purpur_stairs_inner/0", "y": 270, "uvlock": true ,"weight":70}, 
			{"model":"block/purpur_stairs_inner/1", "y": 270, "uvlock": true ,"weight":3},
			{"model":"block/purpur_stairs_inner/2", "y": 270, "uvlock": true ,"weight":3}, 
			{"model":"block/purpur_stairs_inner/3", "y": 270, "uvlock": true ,"weight":3},
			{"model":"block/purpur_stairs_inner/4", "y": 270, "uvlock": true ,"weight":3}, 
			{"model":"block/purpur_stairs_inner/5", "y": 270, "uvlock": true ,"weight":3}, 
			{"model":"block/purpur_stairs_inner/6", "y": 270, "uvlock": true ,"weight":3}, 
			{"model":"block/purpur_stairs_inner/7", "y": 270, "uvlock": true ,"weight":3}, 
			{"model":"block/purpur_stairs_inner/8", "y": 270, "uvlock": true ,"weight":3}, 
			{"model":"block/purpur_stairs_inner/9", "y": 270, "uvlock": true ,"weight":3},
			{"model":"block/purpur_stairs_inner/10", "y": 270, "uvlock": true ,"weight":3}   
		],
        "facing=west,half=bottom,shape=inner_left":  [ 
			{"model":"block/purpur_stairs_inner/0", "y": 90, "uvlock": true ,"weight":70}, 
			{"model":"block/purpur_stairs_inner/1", "y": 90, "uvlock": true ,"weight":3},
			{"model":"block/purpur_stairs_inner/2", "y": 90, "uvlock": true ,"weight":3}, 
			{"model":"block/purpur_stairs_inner/3", "y": 90, "uvlock": true ,"weight":3},
			{"model":"block/purpur_stairs_inner/4", "y": 90, "uvlock": true ,"weight":3}, 
			{"model":"block/purpur_stairs_inner/5", "y": 90, "uvlock": true ,"weight":3}, 
			{"model":"block/purpur_stairs_inner/6", "y": 90, "uvlock": true ,"weight":3}, 
			{"model":"block/purpur_stairs_inner/7", "y": 90, "uvlock": true ,"weight":3}, 
			{"model":"block/purpur_stairs_inner/8", "y": 90, "uvlock": true ,"weight":3}, 
			{"model":"block/purpur_stairs_inner/9", "y": 90, "uvlock": true ,"weight":3},
			{"model":"block/purpur_stairs_inner/10", "y": 90, "uvlock": true ,"weight":3}   
		],
        "facing=south,half=bottom,shape=inner_left": [ 
			{"model":"block/purpur_stairs_inner/0","weight":70}, 
			{"model":"block/purpur_stairs_inner/1","weight":3},
			{"model":"block/purpur_stairs_inner/2","weight":3}, 
			{"model":"block/purpur_stairs_inner/3","weight":3},
			{"model":"block/purpur_stairs_inner/4","weight":3}, 
			{"model":"block/purpur_stairs_inner/5","weight":3}, 
			{"model":"block/purpur_stairs_inner/6","weight":3}, 
			{"model":"block/purpur_stairs_inner/7","weight":3}, 
			{"model":"block/purpur_stairs_inner/8","weight":3}, 
			{"model":"block/purpur_stairs_inner/9","weight":3},
			{"model":"block/purpur_stairs_inner/10","weight":3}   
		],
        "facing=north,half=bottom,shape=inner_left": [ 
			{"model":"block/purpur_stairs_inner/0", "y": 180, "uvlock": true ,"weight":70}, 
			{"model":"block/purpur_stairs_inner/1", "y": 180, "uvlock": true ,"weight":3},
			{"model":"block/purpur_stairs_inner/2", "y": 180, "uvlock": true ,"weight":3}, 
			{"model":"block/purpur_stairs_inner/3", "y": 180, "uvlock": true ,"weight":3},
			{"model":"block/purpur_stairs_inner/4", "y": 180, "uvlock": true ,"weight":3}, 
			{"model":"block/purpur_stairs_inner/5", "y": 180, "uvlock": true ,"weight":3}, 
			{"model":"block/purpur_stairs_inner/6", "y": 180, "uvlock": true ,"weight":3}, 
			{"model":"block/purpur_stairs_inner/7", "y": 180, "uvlock": true ,"weight":3}, 
			{"model":"block/purpur_stairs_inner/8", "y": 180, "uvlock": true ,"weight":3}, 
			{"model":"block/purpur_stairs_inner/9", "y": 180, "uvlock": true ,"weight":3},
			{"model":"block/purpur_stairs_inner/10", "y": 180, "uvlock": true ,"weight":3}   
		],
        "facing=east,half=top,shape=straight":  [ 
			{"model":"block/purpur_stairs/0", "x": 180, "uvlock": true ,"weight":70}, 
			{"model":"block/purpur_stairs/1", "x": 180, "uvlock": true ,"weight":3},
			{"model":"block/purpur_stairs/2", "x": 180, "uvlock": true ,"weight":3}, 
			{"model":"block/purpur_stairs/3", "x": 180, "uvlock": true ,"weight":3},
			{"model":"block/purpur_stairs/4", "x": 180, "uvlock": true ,"weight":3}, 
			{"model":"block/purpur_stairs/5", "x": 180, "uvlock": true ,"weight":3}, 
			{"model":"block/purpur_stairs/6", "x": 180, "uvlock": true ,"weight":3}, 
			{"model":"block/purpur_stairs/7", "x": 180, "uvlock": true ,"weight":3}, 
			{"model":"block/purpur_stairs/8", "x": 180, "uvlock": true ,"weight":3}, 
			{"model":"block/purpur_stairs/9", "x": 180, "uvlock": true ,"weight":3},
			{"model":"block/purpur_stairs/10", "x": 180, "uvlock": true ,"weight":3}   
		],
        "facing=west,half=top,shape=straight":  [ 
			{"model":"block/purpur_stairs/0", "x": 180, "y": 180, "uvlock": true ,"weight":70}, 
			{"model":"block/purpur_stairs/1", "x": 180, "y": 180, "uvlock": true ,"weight":3},
			{"model":"block/purpur_stairs/2", "x": 180, "y": 180, "uvlock": true ,"weight":3}, 
			{"model":"block/purpur_stairs/3", "x": 180, "y": 180, "uvlock": true ,"weight":3},
			{"model":"block/purpur_stairs/4", "x": 180, "y": 180, "uvlock": true ,"weight":3}, 
			{"model":"block/purpur_stairs/5", "x": 180, "y": 180, "uvlock": true ,"weight":3}, 
			{"model":"block/purpur_stairs/6", "x": 180, "y": 180, "uvlock": true ,"weight":3}, 
			{"model":"block/purpur_stairs/7", "x": 180, "y": 180, "uvlock": true ,"weight":3}, 
			{"model":"block/purpur_stairs/8", "x": 180, "y": 180, "uvlock": true ,"weight":3}, 
			{"model":"block/purpur_stairs/9", "x": 180, "y": 180, "uvlock": true ,"weight":3},
			{"model":"block/purpur_stairs/10", "x": 180, "y": 180, "uvlock": true ,"weight":3}   
		],
        "facing=south,half=top,shape=straight": [ 
			{"model":"block/purpur_stairs/0", "x": 180, "y": 90, "uvlock": true ,"weight":70}, 
			{"model":"block/purpur_stairs/1", "x": 180, "y": 90, "uvlock": true ,"weight":3},
			{"model":"block/purpur_stairs/2", "x": 180, "y": 90, "uvlock": true ,"weight":3}, 
			{"model":"block/purpur_stairs/3", "x": 180, "y": 90, "uvlock": true ,"weight":3},
			{"model":"block/purpur_stairs/4", "x": 180, "y": 90, "uvlock": true ,"weight":3}, 
			{"model":"block/purpur_stairs/5", "x": 180, "y": 90, "uvlock": true ,"weight":3}, 
			{"model":"block/purpur_stairs/6", "x": 180, "y": 90, "uvlock": true ,"weight":3}, 
			{"model":"block/purpur_stairs/7", "x": 180, "y": 90, "uvlock": true ,"weight":3}, 
			{"model":"block/purpur_stairs/8", "x": 180, "y": 90, "uvlock": true ,"weight":3}, 
			{"model":"block/purpur_stairs/9", "x": 180, "y": 90, "uvlock": true ,"weight":3},
			{"model":"block/purpur_stairs/10", "x": 180, "y": 90, "uvlock": true ,"weight":3}   
		],
        "facing=north,half=top,shape=straight": [ 
			{"model":"block/purpur_stairs/0", "x": 180, "y": 270, "uvlock": true ,"weight":70}, 
			{"model":"block/purpur_stairs/1", "x": 180, "y": 270, "uvlock": true ,"weight":3},
			{"model":"block/purpur_stairs/2", "x": 180, "y": 270, "uvlock": true ,"weight":3}, 
			{"model":"block/purpur_stairs/3", "x": 180, "y": 270, "uvlock": true ,"weight":3},
			{"model":"block/purpur_stairs/4", "x": 180, "y": 270, "uvlock": true ,"weight":3}, 
			{"model":"block/purpur_stairs/5", "x": 180, "y": 270, "uvlock": true ,"weight":3}, 
			{"model":"block/purpur_stairs/6", "x": 180, "y": 270, "uvlock": true ,"weight":3}, 
			{"model":"block/purpur_stairs/7", "x": 180, "y": 270, "uvlock": true ,"weight":3}, 
			{"model":"block/purpur_stairs/8", "x": 180, "y": 270, "uvlock": true ,"weight":3}, 
			{"model":"block/purpur_stairs/9", "x": 180, "y": 270, "uvlock": true ,"weight":3},
			{"model":"block/purpur_stairs/10", "x": 180, "y": 270, "uvlock": true ,"weight":3}   
		],
        "facing=east,half=top,shape=outer_right":  [ 
			{"model":"block/purpur_stairs_outer/0", "x": 180, "y": 90, "uvlock": true ,"weight":70}, 
			{"model":"block/purpur_stairs_outer/1", "x": 180, "y": 90, "uvlock": true ,"weight":3},
			{"model":"block/purpur_stairs_outer/2", "x": 180, "y": 90, "uvlock": true ,"weight":3}, 
			{"model":"block/purpur_stairs_outer/3", "x": 180, "y": 90, "uvlock": true ,"weight":3},
			{"model":"block/purpur_stairs_outer/4", "x": 180, "y": 90, "uvlock": true ,"weight":3}, 
			{"model":"block/purpur_stairs_outer/5", "x": 180, "y": 90, "uvlock": true ,"weight":3}, 
			{"model":"block/purpur_stairs_outer/6", "x": 180, "y": 90, "uvlock": true ,"weight":3}, 
			{"model":"block/purpur_stairs_outer/7", "x": 180, "y": 90, "uvlock": true ,"weight":3}, 
			{"model":"block/purpur_stairs_outer/8", "x": 180, "y": 90, "uvlock": true ,"weight":3}, 
			{"model":"block/purpur_stairs_outer/9", "x": 180, "y": 90, "uvlock": true ,"weight":3},
			{"model":"block/purpur_stairs_outer/10", "x": 180, "y": 90, "uvlock": true ,"weight":3}   
		],
        "facing=west,half=top,shape=outer_right":  [ 
			{"model":"block/purpur_stairs_outer/0", "x": 180, "y": 270, "uvlock": true ,"weight":70}, 
			{"model":"block/purpur_stairs_outer/1", "x": 180, "y": 270, "uvlock": true ,"weight":3},
			{"model":"block/purpur_stairs_outer/2", "x": 180, "y": 270, "uvlock": true ,"weight":3}, 
			{"model":"block/purpur_stairs_outer/3", "x": 180, "y": 270, "uvlock": true ,"weight":3},
			{"model":"block/purpur_stairs_outer/4", "x": 180, "y": 270, "uvlock": true ,"weight":3}, 
			{"model":"block/purpur_stairs_outer/5", "x": 180, "y": 270, "uvlock": true ,"weight":3}, 
			{"model":"block/purpur_stairs_outer/6", "x": 180, "y": 270, "uvlock": true ,"weight":3}, 
			{"model":"block/purpur_stairs_outer/7", "x": 180, "y": 270, "uvlock": true ,"weight":3}, 
			{"model":"block/purpur_stairs_outer/8", "x": 180, "y": 270, "uvlock": true ,"weight":3}, 
			{"model":"block/purpur_stairs_outer/9", "x": 180, "y": 270, "uvlock": true ,"weight":3},
			{"model":"block/purpur_stairs_outer/10", "x": 180, "y": 270, "uvlock": true ,"weight":3}   
		],
        "facing=south,half=top,shape=outer_right": [ 
			{"model":"block/purpur_stairs_outer/0", "x": 180, "y": 180, "uvlock": true ,"weight":70}, 
			{"model":"block/purpur_stairs_outer/1", "x": 180, "y": 180, "uvlock": true ,"weight":3},
			{"model":"block/purpur_stairs_outer/2", "x": 180, "y": 180, "uvlock": true ,"weight":3}, 
			{"model":"block/purpur_stairs_outer/3", "x": 180, "y": 180, "uvlock": true ,"weight":3},
			{"model":"block/purpur_stairs_outer/4", "x": 180, "y": 180, "uvlock": true ,"weight":3}, 
			{"model":"block/purpur_stairs_outer/5", "x": 180, "y": 180, "uvlock": true ,"weight":3}, 
			{"model":"block/purpur_stairs_outer/6", "x": 180, "y": 180, "uvlock": true ,"weight":3}, 
			{"model":"block/purpur_stairs_outer/7", "x": 180, "y": 180, "uvlock": true ,"weight":3}, 
			{"model":"block/purpur_stairs_outer/8", "x": 180, "y": 180, "uvlock": true ,"weight":3}, 
			{"model":"block/purpur_stairs_outer/9", "x": 180, "y": 180, "uvlock": true ,"weight":3},
			{"model":"block/purpur_stairs_outer/10", "x": 180, "y": 180, "uvlock": true ,"weight":3}   
		],
        "facing=north,half=top,shape=outer_right": [ 
			{"model":"block/purpur_stairs_outer/0", "x": 180, "uvlock": true ,"weight":70}, 
			{"model":"block/purpur_stairs_outer/1", "x": 180, "uvlock": true ,"weight":3},
			{"model":"block/purpur_stairs_outer/2", "x": 180, "uvlock": true ,"weight":3}, 
			{"model":"block/purpur_stairs_outer/3", "x": 180, "uvlock": true ,"weight":3},
			{"model":"block/purpur_stairs_outer/4", "x": 180, "uvlock": true ,"weight":3}, 
			{"model":"block/purpur_stairs_outer/5", "x": 180, "uvlock": true ,"weight":3}, 
			{"model":"block/purpur_stairs_outer/6", "x": 180, "uvlock": true ,"weight":3}, 
			{"model":"block/purpur_stairs_outer/7", "x": 180, "uvlock": true ,"weight":3}, 
			{"model":"block/purpur_stairs_outer/8", "x": 180, "uvlock": true ,"weight":3}, 
			{"model":"block/purpur_stairs_outer/9", "x": 180, "uvlock": true ,"weight":3},
			{"model":"block/purpur_stairs_outer/10", "x": 180, "uvlock": true ,"weight":3}   
		],
        "facing=east,half=top,shape=outer_left":  [ 
			{"model":"block/purpur_stairs_outer/0", "x": 180, "uvlock": true ,"weight":70}, 
			{"model":"block/purpur_stairs_outer/1", "x": 180, "uvlock": true ,"weight":3},
			{"model":"block/purpur_stairs_outer/2", "x": 180, "uvlock": true ,"weight":3}, 
			{"model":"block/purpur_stairs_outer/3", "x": 180, "uvlock": true ,"weight":3},
			{"model":"block/purpur_stairs_outer/4", "x": 180, "uvlock": true ,"weight":3}, 
			{"model":"block/purpur_stairs_outer/5", "x": 180, "uvlock": true ,"weight":3}, 
			{"model":"block/purpur_stairs_outer/6", "x": 180, "uvlock": true ,"weight":3}, 
			{"model":"block/purpur_stairs_outer/7", "x": 180, "uvlock": true ,"weight":3}, 
			{"model":"block/purpur_stairs_outer/8", "x": 180, "uvlock": true ,"weight":3}, 
			{"model":"block/purpur_stairs_outer/9", "x": 180, "uvlock": true ,"weight":3},
			{"model":"block/purpur_stairs_outer/10", "x": 180, "uvlock": true ,"weight":3}   
		],
        "facing=west,half=top,shape=outer_left":  [ 
			{"model":"block/purpur_stairs_outer/0", "x": 180, "y": 180, "uvlock": true ,"weight":70}, 
			{"model":"block/purpur_stairs_outer/1", "x": 180, "y": 180, "uvlock": true ,"weight":3},
			{"model":"block/purpur_stairs_outer/2", "x": 180, "y": 180, "uvlock": true ,"weight":3}, 
			{"model":"block/purpur_stairs_outer/3", "x": 180, "y": 180, "uvlock": true ,"weight":3},
			{"model":"block/purpur_stairs_outer/4", "x": 180, "y": 180, "uvlock": true ,"weight":3}, 
			{"model":"block/purpur_stairs_outer/5", "x": 180, "y": 180, "uvlock": true ,"weight":3}, 
			{"model":"block/purpur_stairs_outer/6", "x": 180, "y": 180, "uvlock": true ,"weight":3}, 
			{"model":"block/purpur_stairs_outer/7", "x": 180, "y": 180, "uvlock": true ,"weight":3}, 
			{"model":"block/purpur_stairs_outer/8", "x": 180, "y": 180, "uvlock": true ,"weight":3}, 
			{"model":"block/purpur_stairs_outer/9", "x": 180, "y": 180, "uvlock": true ,"weight":3},
			{"model":"block/purpur_stairs_outer/10", "x": 180, "y": 180, "uvlock": true ,"weight":3}   
		],
        "facing=south,half=top,shape=outer_left": [ 
			{"model":"block/purpur_stairs_outer/0", "x": 180, "y": 90, "uvlock": true ,"weight":70}, 
			{"model":"block/purpur_stairs_outer/1", "x": 180, "y": 90, "uvlock": true ,"weight":3},
			{"model":"block/purpur_stairs_outer/2", "x": 180, "y": 90, "uvlock": true ,"weight":3}, 
			{"model":"block/purpur_stairs_outer/3", "x": 180, "y": 90, "uvlock": true ,"weight":3},
			{"model":"block/purpur_stairs_outer/4", "x": 180, "y": 90, "uvlock": true ,"weight":3}, 
			{"model":"block/purpur_stairs_outer/5", "x": 180, "y": 90, "uvlock": true ,"weight":3}, 
			{"model":"block/purpur_stairs_outer/6", "x": 180, "y": 90, "uvlock": true ,"weight":3}, 
			{"model":"block/purpur_stairs_outer/7", "x": 180, "y": 90, "uvlock": true ,"weight":3}, 
			{"model":"block/purpur_stairs_outer/8", "x": 180, "y": 90, "uvlock": true ,"weight":3}, 
			{"model":"block/purpur_stairs_outer/9", "x": 180, "y": 90, "uvlock": true ,"weight":3},
			{"model":"block/purpur_stairs_outer/10", "x": 180, "y": 90, "uvlock": true ,"weight":3}   
		],
        "facing=north,half=top,shape=outer_left": [ 
			{"model":"block/purpur_stairs_outer/0", "x": 180, "y": 270, "uvlock": true ,"weight":70}, 
			{"model":"block/purpur_stairs_outer/1", "x": 180, "y": 270, "uvlock": true ,"weight":3},
			{"model":"block/purpur_stairs_outer/2", "x": 180, "y": 270, "uvlock": true ,"weight":3}, 
			{"model":"block/purpur_stairs_outer/3", "x": 180, "y": 270, "uvlock": true ,"weight":3},
			{"model":"block/purpur_stairs_outer/4", "x": 180, "y": 270, "uvlock": true ,"weight":3}, 
			{"model":"block/purpur_stairs_outer/5", "x": 180, "y": 270, "uvlock": true ,"weight":3}, 
			{"model":"block/purpur_stairs_outer/6", "x": 180, "y": 270, "uvlock": true ,"weight":3}, 
			{"model":"block/purpur_stairs_outer/7", "x": 180, "y": 270, "uvlock": true ,"weight":3}, 
			{"model":"block/purpur_stairs_outer/8", "x": 180, "y": 270, "uvlock": true ,"weight":3}, 
			{"model":"block/purpur_stairs_outer/9", "x": 180, "y": 270, "uvlock": true ,"weight":3},
			{"model":"block/purpur_stairs_outer/10", "x": 180, "y": 270, "uvlock": true ,"weight":3}   
		],
        "facing=east,half=top,shape=inner_right":  [ 
			{"model":"block/purpur_stairs_inner/0", "x": 180, "y": 90, "uvlock": true ,"weight":70}, 
			{"model":"block/purpur_stairs_inner/1", "x": 180, "y": 90, "uvlock": true ,"weight":3},
			{"model":"block/purpur_stairs_inner/2", "x": 180, "y": 90, "uvlock": true ,"weight":3}, 
			{"model":"block/purpur_stairs_inner/3", "x": 180, "y": 90, "uvlock": true ,"weight":3},
			{"model":"block/purpur_stairs_inner/4", "x": 180, "y": 90, "uvlock": true ,"weight":3}, 
			{"model":"block/purpur_stairs_inner/5", "x": 180, "y": 90, "uvlock": true ,"weight":3}, 
			{"model":"block/purpur_stairs_inner/6", "x": 180, "y": 90, "uvlock": true ,"weight":3}, 
			{"model":"block/purpur_stairs_inner/7", "x": 180, "y": 90, "uvlock": true ,"weight":3}, 
			{"model":"block/purpur_stairs_inner/8", "x": 180, "y": 90, "uvlock": true ,"weight":3}, 
			{"model":"block/purpur_stairs_inner/9", "x": 180, "y": 90, "uvlock": true ,"weight":3},
			{"model":"block/purpur_stairs_inner/10", "x": 180, "y": 90, "uvlock": true ,"weight":3}   
		],
        "facing=west,half=top,shape=inner_right":  [ 
			{"model":"block/purpur_stairs_inner/0", "x": 180, "y": 270, "uvlock": true ,"weight":70}, 
			{"model":"block/purpur_stairs_inner/1", "x": 180, "y": 270, "uvlock": true ,"weight":3},
			{"model":"block/purpur_stairs_inner/2", "x": 180, "y": 270, "uvlock": true ,"weight":3}, 
			{"model":"block/purpur_stairs_inner/3", "x": 180, "y": 270, "uvlock": true ,"weight":3},
			{"model":"block/purpur_stairs_inner/4", "x": 180, "y": 270, "uvlock": true ,"weight":3}, 
			{"model":"block/purpur_stairs_inner/5", "x": 180, "y": 270, "uvlock": true ,"weight":3}, 
			{"model":"block/purpur_stairs_inner/6", "x": 180, "y": 270, "uvlock": true ,"weight":3}, 
			{"model":"block/purpur_stairs_inner/7", "x": 180, "y": 270, "uvlock": true ,"weight":3}, 
			{"model":"block/purpur_stairs_inner/8", "x": 180, "y": 270, "uvlock": true ,"weight":3}, 
			{"model":"block/purpur_stairs_inner/9", "x": 180, "y": 270, "uvlock": true ,"weight":3},
			{"model":"block/purpur_stairs_inner/10", "x": 180, "y": 270, "uvlock": true ,"weight":3}   
		],
        "facing=south,half=top,shape=inner_right": [ 
			{"model":"block/purpur_stairs_inner/0", "x": 180, "y": 180, "uvlock": true ,"weight":70}, 
			{"model":"block/purpur_stairs_inner/1", "x": 180, "y": 180, "uvlock": true ,"weight":3},
			{"model":"block/purpur_stairs_inner/2", "x": 180, "y": 180, "uvlock": true ,"weight":3}, 
			{"model":"block/purpur_stairs_inner/3", "x": 180, "y": 180, "uvlock": true ,"weight":3},
			{"model":"block/purpur_stairs_inner/4", "x": 180, "y": 180, "uvlock": true ,"weight":3}, 
			{"model":"block/purpur_stairs_inner/5", "x": 180, "y": 180, "uvlock": true ,"weight":3}, 
			{"model":"block/purpur_stairs_inner/6", "x": 180, "y": 180, "uvlock": true ,"weight":3}, 
			{"model":"block/purpur_stairs_inner/7", "x": 180, "y": 180, "uvlock": true ,"weight":3}, 
			{"model":"block/purpur_stairs_inner/8", "x": 180, "y": 180, "uvlock": true ,"weight":3}, 
			{"model":"block/purpur_stairs_inner/9", "x": 180, "y": 180, "uvlock": true ,"weight":3},
			{"model":"block/purpur_stairs_inner/10", "x": 180, "y": 180, "uvlock": true ,"weight":3}   
		],
        "facing=north,half=top,shape=inner_right": [ 
			{"model":"block/purpur_stairs_inner/0", "x": 180, "uvlock": true ,"weight":70}, 
			{"model":"block/purpur_stairs_inner/1", "x": 180, "uvlock": true ,"weight":3},
			{"model":"block/purpur_stairs_inner/2", "x": 180, "uvlock": true ,"weight":3}, 
			{"model":"block/purpur_stairs_inner/3", "x": 180, "uvlock": true ,"weight":3},
			{"model":"block/purpur_stairs_inner/4", "x": 180, "uvlock": true ,"weight":3}, 
			{"model":"block/purpur_stairs_inner/5", "x": 180, "uvlock": true ,"weight":3}, 
			{"model":"block/purpur_stairs_inner/6", "x": 180, "uvlock": true ,"weight":3}, 
			{"model":"block/purpur_stairs_inner/7", "x": 180, "uvlock": true ,"weight":3}, 
			{"model":"block/purpur_stairs_inner/8", "x": 180, "uvlock": true ,"weight":3}, 
			{"model":"block/purpur_stairs_inner/9", "x": 180, "uvlock": true ,"weight":3},
			{"model":"block/purpur_stairs_inner/10", "x": 180, "uvlock": true ,"weight":3}   
		],
        "facing=east,half=top,shape=inner_left":  [ 
			{"model":"block/purpur_stairs_inner/0", "x": 180, "uvlock": true ,"weight":70}, 
			{"model":"block/purpur_stairs_inner/1", "x": 180, "uvlock": true ,"weight":3},
			{"model":"block/purpur_stairs_inner/2", "x": 180, "uvlock": true ,"weight":3}, 
			{"model":"block/purpur_stairs_inner/3", "x": 180, "uvlock": true ,"weight":3},
			{"model":"block/purpur_stairs_inner/4", "x": 180, "uvlock": true ,"weight":3}, 
			{"model":"block/purpur_stairs_inner/5", "x": 180, "uvlock": true ,"weight":3}, 
			{"model":"block/purpur_stairs_inner/6", "x": 180, "uvlock": true ,"weight":3}, 
			{"model":"block/purpur_stairs_inner/7", "x": 180, "uvlock": true ,"weight":3}, 
			{"model":"block/purpur_stairs_inner/8", "x": 180, "uvlock": true ,"weight":3}, 
			{"model":"block/purpur_stairs_inner/9", "x": 180, "uvlock": true ,"weight":3},
			{"model":"block/purpur_stairs_inner/10", "x": 180, "uvlock": true ,"weight":3}   
		],
        "facing=west,half=top,shape=inner_left":  [ 
			{"model":"block/purpur_stairs_inner/0", "x": 180, "y": 180, "uvlock": true ,"weight":70}, 
			{"model":"block/purpur_stairs_inner/1", "x": 180, "y": 180, "uvlock": true ,"weight":3},
			{"model":"block/purpur_stairs_inner/2", "x": 180, "y": 180, "uvlock": true ,"weight":3}, 
			{"model":"block/purpur_stairs_inner/3", "x": 180, "y": 180, "uvlock": true ,"weight":3},
			{"model":"block/purpur_stairs_inner/4", "x": 180, "y": 180, "uvlock": true ,"weight":3}, 
			{"model":"block/purpur_stairs_inner/5", "x": 180, "y": 180, "uvlock": true ,"weight":3}, 
			{"model":"block/purpur_stairs_inner/6", "x": 180, "y": 180, "uvlock": true ,"weight":3}, 
			{"model":"block/purpur_stairs_inner/7", "x": 180, "y": 180, "uvlock": true ,"weight":3}, 
			{"model":"block/purpur_stairs_inner/8", "x": 180, "y": 180, "uvlock": true ,"weight":3}, 
			{"model":"block/purpur_stairs_inner/9", "x": 180, "y": 180, "uvlock": true ,"weight":3},
			{"model":"block/purpur_stairs_inner/10", "x": 180, "y": 180, "uvlock": true ,"weight":3}   
		],
        "facing=south,half=top,shape=inner_left": [ 
			{"model":"block/purpur_stairs_inner/0", "x": 180, "y": 90, "uvlock": true ,"weight":70}, 
			{"model":"block/purpur_stairs_inner/1", "x": 180, "y": 90, "uvlock": true ,"weight":3},
			{"model":"block/purpur_stairs_inner/2", "x": 180, "y": 90, "uvlock": true ,"weight":3}, 
			{"model":"block/purpur_stairs_inner/3", "x": 180, "y": 90, "uvlock": true ,"weight":3},
			{"model":"block/purpur_stairs_inner/4", "x": 180, "y": 90, "uvlock": true ,"weight":3}, 
			{"model":"block/purpur_stairs_inner/5", "x": 180, "y": 90, "uvlock": true ,"weight":3}, 
			{"model":"block/purpur_stairs_inner/6", "x": 180, "y": 90, "uvlock": true ,"weight":3}, 
			{"model":"block/purpur_stairs_inner/7", "x": 180, "y": 90, "uvlock": true ,"weight":3}, 
			{"model":"block/purpur_stairs_inner/8", "x": 180, "y": 90, "uvlock": true ,"weight":3}, 
			{"model":"block/purpur_stairs_inner/9", "x": 180, "y": 90, "uvlock": true ,"weight":3},
			{"model":"block/purpur_stairs_inner/10", "x": 180, "y": 90, "uvlock": true ,"weight":3}   
		],
        "facing=north,half=top,shape=inner_left": [ 
			{"model":"block/purpur_stairs_inner/0", "x": 180, "y": 270, "uvlock": true ,"weight":70}, 
			{"model":"block/purpur_stairs_inner/1", "x": 180, "y": 270, "uvlock": true ,"weight":3},
			{"model":"block/purpur_stairs_inner/2", "x": 180, "y": 270, "uvlock": true ,"weight":3}, 
			{"model":"block/purpur_stairs_inner/3", "x": 180, "y": 270, "uvlock": true ,"weight":3},
			{"model":"block/purpur_stairs_inner/4", "x": 180, "y": 270, "uvlock": true ,"weight":3}, 
			{"model":"block/purpur_stairs_inner/5", "x": 180, "y": 270, "uvlock": true ,"weight":3}, 
			{"model":"block/purpur_stairs_inner/6", "x": 180, "y": 270, "uvlock": true ,"weight":3}, 
			{"model":"block/purpur_stairs_inner/7", "x": 180, "y": 270, "uvlock": true ,"weight":3}, 
			{"model":"block/purpur_stairs_inner/8", "x": 180, "y": 270, "uvlock": true ,"weight":3}, 
			{"model":"block/purpur_stairs_inner/9", "x": 180, "y": 270, "uvlock": true ,"weight":3},
			{"model":"block/purpur_stairs_inner/10", "x": 180, "y": 270, "uvlock": true ,"weight":3}   
		]
    }
}
