{
    "variants": {
        "type=bottom": [
			{ "model": "block/stone_brick_slab_bottom/0","weight":70 },
			{ "model": "block/stone_brick_slab_bottom/1","weight":3 },
			{ "model": "block/stone_brick_slab_bottom/2","weight":3 },
			{ "model": "block/stone_brick_slab_bottom/3","weight":3 },
			{ "model": "block/stone_brick_slab_bottom/4","weight":3 },
			{ "model": "block/stone_brick_slab_bottom/5","weight":3 },
			{ "model": "block/stone_brick_slab_bottom/6","weight":3 },
			{ "model": "block/stone_brick_slab_bottom/7","weight":3 },
			{ "model": "block/stone_brick_slab_bottom/8","weight":3 },
			{ "model": "block/stone_brick_slab_bottom/9","weight":3 },
			{ "model": "block/stone_brick_slab_bottom/10","weight":3 }
		],
        "type=top": [
			{ "model": "block/stone_brick_slab_top/0","weight":70 },
			{ "model": "block/stone_brick_slab_top/1","weight":3 },
			{ "model": "block/stone_brick_slab_top/2","weight":3 },
			{ "model": "block/stone_brick_slab_top/3","weight":3 },
			{ "model": "block/stone_brick_slab_top/4","weight":3 },
			{ "model": "block/stone_brick_slab_top/5","weight":3 },
			{ "model": "block/stone_brick_slab_top/6","weight":3 },
			{ "model": "block/stone_brick_slab_top/7","weight":3 },
			{ "model": "block/stone_brick_slab_top/8","weight":3 },
			{ "model": "block/stone_brick_slab_top/9","weight":3 },
			{ "model": "block/stone_brick_slab_top/10","weight":3 }
		],
		"type=double": [
			{ "model": "block/stonebrick_normal/0","weight":70 },
			{ "model": "block/stonebrick_normal/1","weight":3 },
			{ "model": "block/stonebrick_normal/2","weight":3 },
			{ "model": "block/stonebrick_normal/3","weight":3 },
			{ "model": "block/stonebrick_normal/4","weight":3 },
			{ "model": "block/stonebrick_normal/5","weight":3 },
			{ "model": "block/stonebrick_normal/6","weight":3 },
			{ "model": "block/stonebrick_normal/7","weight":3 },
			{ "model": "block/stonebrick_normal/8","weight":3 },
			{ "model": "block/stonebrick_normal/9","weight":3 },
			{ "model": "block/stonebrick_normal/10","weight":3 }
		]
    }
}
