{ 
"variants":{ 
"":[ 
{"model":"block/stonebrick_normal/0","weight":70}, 
{"model":"block/stonebrick_normal/1","weight":3},
{"model":"block/stonebrick_normal/2","weight":3}, 
{"model":"block/stonebrick_normal/3","weight":3},
{"model":"block/stonebrick_normal/4","weight":3}, 
{"model":"block/stonebrick_normal/5","weight":3}, 
{"model":"block/stonebrick_normal/6","weight":3}, 
{"model":"block/stonebrick_normal/7","weight":3}, 
{"model":"block/stonebrick_normal/8","weight":3}, 
{"model":"block/stonebrick_normal/9","weight":3},
{"model":"block/stonebrick_normal/10","weight":3}   
] 
} 
} 