{
  "type": "minecraft:fishing",
  "pools": [
    {
      "rolls": 1.0,
      "entries": [
        {
          "type": "minecraft:item",
          "weight": 40,
          "name": "minecraft:cod"
        },
        {
          "type": "minecraft:item",
          "weight": 52,
          "name": "minecraft:salmon"
        },
        {
          "type": "minecraft:item",
          "weight": 1,
          "name": "minecraft:tropical_fish"
        },
        {
          "type": "minecraft:item",
          "weight": 7,
          "name": "minecraft:pufferfish"
        }
      ]
    }
  ]
}