{
    "pools": [
        {
            "rolls": 1,
            "entries": [
                {
                    "type": "item",
                    "weight": 60,
                    "name": "minecraft:cod",
                    "functions": [
                        {
                            "function": "furnace_smelt",
                            "conditions": [
                                {
                                    "condition": "random_chance",
                                    "chance": 0.5
                                }
                            ]
                        }
                    ]
                },
                {
                    "type": "item",
                    "weight": 40,
                    "name": "minecraft:salmon",
                    "functions": [
                        {
                            "function": "furnace_smelt",
                            "conditions": [
                                {
                                    "condition": "random_chance",
                                    "chance": 0.5
                                }
                            ]
                        }
                    ]
                }
            ]
        }
    ]
}