{
      "name": "minecraft:nether",
      "bedrock_roof_position": 64,
      "bedrock_floor_position": 0,
      "sea_level": 65,
      "disable_mob_generation": true,
      "default_block": {
        "Name": "minecraft:netherrack"
      },
      "default_fluid": {
	  "Properties": {
        "level": "0"
      },
        "Name": "minecraft:lava"
      },
      "noise": {
        "density_factor": 1,
        "density_offset": -0.93,
        "simplex_surface_noise": false,
        "random_density_offset": false,
        "island_noise_override": false,
        "amplified": false,
        "size_horizontal": 1,
        "size_vertical": 3,
        "height": 256,
        "sampling": {
          "xz_scale": 1,
          "y_scale": 1,
          "xz_factor": 80,
          "y_factor": 160
        },
        "bottom_slide": {
          "target": 0,
          "size": 0,
          "offset": -10
        },
        "top_slide": {
          "target": 50,
          "size": 30,
          "offset": 6
        }
      },
      "structures": {
        "structures": {}
      }
    }