{
	"parent": "item/handheld",
	"textures": {
		"layer0": "item/carrot_on_a_stick"
	},
	"overrides": [
		{"predicate": {"custom_model_data": 1}, "model": "item/carrot_on_a_stick/1"},
		{"predicate": {"custom_model_data": 2}, "model": "item/carrot_on_a_stick/2"},
		{"predicate": {"custom_model_data": 3}, "model": "item/carrot_on_a_stick/3"},	
		{"predicate": {"custom_model_data": 4}, "model": "item/carrot_on_a_stick/4"},
		{"predicate": {"custom_model_data": 5}, "model": "item/carrot_on_a_stick/5"},
		{"predicate": {"custom_model_data": 6}, "model": "item/carrot_on_a_stick/6"},
		{"predicate": {"custom_model_data": 7}, "model": "item/carrot_on_a_stick/7"},
		{"predicate": {"custom_model_data": 8}, "model": "item/carrot_on_a_stick/8"},
		{"predicate": {"custom_model_data": 9}, "model": "item/carrot_on_a_stick/9"},
		{"predicate": {"custom_model_data": 10}, "model": "item/carrot_on_a_stick/10"},
		{"predicate": {"custom_model_data": 11}, "model": "item/carrot_on_a_stick/11"},
		{"predicate": {"custom_model_data": 12}, "model": "item/carrot_on_a_stick/12"},
		{"predicate": {"custom_model_data": 13}, "model": "item/carrot_on_a_stick/13"},
		{"predicate": {"custom_model_data": 14}, "model": "item/carrot_on_a_stick/14"},
		{"predicate": {"custom_model_data": 15}, "model": "item/carrot_on_a_stick/15"},
		{"predicate": {"custom_model_data": 16}, "model": "item/carrot_on_a_stick/16"},
		{"predicate": {"custom_model_data": 17}, "model": "item/carrot_on_a_stick/17"},
		{"predicate": {"custom_model_data": 18}, "model": "item/carrot_on_a_stick/18"},
		{"predicate": {"custom_model_data": 19}, "model": "item/carrot_on_a_stick/19"},
		{"predicate": {"custom_model_data": 20}, "model": "item/carrot_on_a_stick/20"},
		{"predicate": {"custom_model_data": 21}, "model": "item/carrot_on_a_stick/21"},
		{"predicate": {"custom_model_data": 22}, "model": "item/carrot_on_a_stick/22"},
		{"predicate": {"custom_model_data": 23}, "model": "item/carrot_on_a_stick/23"},
		{"predicate": {"custom_model_data": 24}, "model": "item/carrot_on_a_stick/24"},
		{"predicate": {"custom_model_data": 25}, "model": "item/carrot_on_a_stick/25"},
		{"predicate": {"custom_model_data": 26}, "model": "item/carrot_on_a_stick/26"},
		{"predicate": {"custom_model_data": 27}, "model": "item/carrot_on_a_stick/27"},
		{"predicate": {"custom_model_data": 28}, "model": "item/carrot_on_a_stick/28"},
		{"predicate": {"custom_model_data": 29}, "model": "item/carrot_on_a_stick/29"},
		{"predicate": {"custom_model_data": 30}, "model": "item/carrot_on_a_stick/30"},
		{"predicate": {"custom_model_data": 31}, "model": "item/carrot_on_a_stick/31"},
		{"predicate": {"custom_model_data": 32}, "model": "item/carrot_on_a_stick/32"},
		{"predicate": {"custom_model_data": 33}, "model": "item/carrot_on_a_stick/33"},
		{"predicate": {"custom_model_data": 34}, "model": "item/carrot_on_a_stick/34"},
		{"predicate": {"custom_model_data": 35}, "model": "item/carrot_on_a_stick/35"},
		{"predicate": {"custom_model_data": 36}, "model": "item/carrot_on_a_stick/36"},
		{"predicate": {"custom_model_data": 37}, "model": "item/carrot_on_a_stick/37"},
		{"predicate": {"custom_model_data": 38}, "model": "item/carrot_on_a_stick/38"},
		{"predicate": {"custom_model_data": 39}, "model": "item/carrot_on_a_stick/39"},
		{"predicate": {"custom_model_data": 40}, "model": "item/carrot_on_a_stick/40"},
		{"predicate": {"custom_model_data": 41}, "model": "item/carrot_on_a_stick/41"},
		{"predicate": {"custom_model_data": 42}, "model": "item/carrot_on_a_stick/42"},
		{"predicate": {"custom_model_data": 43}, "model": "item/carrot_on_a_stick/43"},
		{"predicate": {"custom_model_data": 44}, "model": "item/carrot_on_a_stick/44"},
		{"predicate": {"custom_model_data": 45}, "model": "item/carrot_on_a_stick/45"},
		{"predicate": {"custom_model_data": 46}, "model": "item/carrot_on_a_stick/46"},
		{"predicate": {"custom_model_data": 47}, "model": "item/carrot_on_a_stick/47"},
		{"predicate": {"custom_model_data": 48}, "model": "item/carrot_on_a_stick/48"},
		{"predicate": {"custom_model_data": 49}, "model": "item/carrot_on_a_stick/49"},
		{"predicate": {"custom_model_data": 50}, "model": "item/carrot_on_a_stick/50"},
		{"predicate": {"custom_model_data": 51}, "model": "item/carrot_on_a_stick/51"},
		{"predicate": {"custom_model_data": 52}, "model": "item/carrot_on_a_stick/52"},
		{"predicate": {"custom_model_data": 53}, "model": "item/carrot_on_a_stick/53"},
		{"predicate": {"custom_model_data": 54}, "model": "item/carrot_on_a_stick/54"},
		{"predicate": {"custom_model_data": 55}, "model": "item/carrot_on_a_stick/55"},
		{"predicate": {"custom_model_data": 56}, "model": "item/carrot_on_a_stick/56"},
		{"predicate": {"custom_model_data": 57}, "model": "item/carrot_on_a_stick/57"},
		{"predicate": {"custom_model_data": 58}, "model": "item/carrot_on_a_stick/58"},
		{"predicate": {"custom_model_data": 59}, "model": "item/carrot_on_a_stick/59"},
		{"predicate": {"custom_model_data": 60}, "model": "item/carrot_on_a_stick/60"},
		{"predicate": {"custom_model_data": 61}, "model": "item/carrot_on_a_stick/61"},
		{"predicate": {"custom_model_data": 62}, "model": "item/carrot_on_a_stick/62"},
		{"predicate": {"custom_model_data": 63}, "model": "item/carrot_on_a_stick/63"},
		{"predicate": {"custom_model_data": 64}, "model": "item/carrot_on_a_stick/64"},
		{"predicate": {"custom_model_data": 65}, "model": "item/carrot_on_a_stick/65"},
		{"predicate": {"custom_model_data": 66}, "model": "item/carrot_on_a_stick/66"},
		{"predicate": {"custom_model_data": 67}, "model": "item/carrot_on_a_stick/67"},
		{"predicate": {"custom_model_data": 68}, "model": "item/carrot_on_a_stick/68"},
		{"predicate": {"custom_model_data": 69}, "model": "item/carrot_on_a_stick/69"},
		{"predicate": {"custom_model_data": 70}, "model": "item/carrot_on_a_stick/70"},
		{"predicate": {"custom_model_data": 71}, "model": "item/carrot_on_a_stick/71"},
		{"predicate": {"custom_model_data": 72}, "model": "item/carrot_on_a_stick/72"},
		{"predicate": {"custom_model_data": 73}, "model": "item/carrot_on_a_stick/73"},
		{"predicate": {"custom_model_data": 74}, "model": "item/carrot_on_a_stick/74"},
		{"predicate": {"custom_model_data": 75}, "model": "item/carrot_on_a_stick/75"},
		{"predicate": {"custom_model_data": 76}, "model": "item/carrot_on_a_stick/76"},
		{"predicate": {"custom_model_data": 77}, "model": "item/carrot_on_a_stick/77"},
		{"predicate": {"custom_model_data": 78}, "model": "item/carrot_on_a_stick/78"},
		{"predicate": {"custom_model_data": 79}, "model": "item/carrot_on_a_stick/79"},
		{"predicate": {"custom_model_data": 80}, "model": "item/carrot_on_a_stick/80"},
		{"predicate": {"custom_model_data": 81}, "model": "item/carrot_on_a_stick/81"},
		{"predicate": {"custom_model_data": 82}, "model": "item/carrot_on_a_stick/82"},
		{"predicate": {"custom_model_data": 83}, "model": "item/carrot_on_a_stick/83"},
		{"predicate": {"custom_model_data": 84}, "model": "item/carrot_on_a_stick/84"},
		{"predicate": {"custom_model_data": 85}, "model": "item/carrot_on_a_stick/85"},
		{"predicate": {"custom_model_data": 86}, "model": "item/carrot_on_a_stick/86"},
		{"predicate": {"custom_model_data": 87}, "model": "item/carrot_on_a_stick/87"},
		{"predicate": {"custom_model_data": 88}, "model": "item/carrot_on_a_stick/88"},
		{"predicate": {"custom_model_data": 89}, "model": "item/carrot_on_a_stick/89"},
		{"predicate": {"custom_model_data": 90}, "model": "item/carrot_on_a_stick/90"},
		{"predicate": {"custom_model_data": 91}, "model": "item/carrot_on_a_stick/91"},
		{"predicate": {"custom_model_data": 92}, "model": "item/carrot_on_a_stick/92"},
		{"predicate": {"custom_model_data": 93}, "model": "item/carrot_on_a_stick/93"},
		{"predicate": {"custom_model_data": 94}, "model": "item/carrot_on_a_stick/94"},
		{"predicate": {"custom_model_data": 95}, "model": "item/carrot_on_a_stick/95"},
		{"predicate": {"custom_model_data": 96}, "model": "item/carrot_on_a_stick/96"},
		{"predicate": {"custom_model_data": 97}, "model": "item/carrot_on_a_stick/97"},
		{"predicate": {"custom_model_data": 98}, "model": "item/carrot_on_a_stick/98"},
		{"predicate": {"custom_model_data": 99}, "model": "item/carrot_on_a_stick/99"},
		{"predicate": {"custom_model_data": 100}, "model": "item/carrot_on_a_stick/100"},
		{"predicate": {"custom_model_data": 101}, "model": "item/carrot_on_a_stick/101"},
		{"predicate": {"custom_model_data": 102}, "model": "item/carrot_on_a_stick/102"},
		{"predicate": {"custom_model_data": 103}, "model": "item/carrot_on_a_stick/103"},
		{"predicate": {"custom_model_data": 104}, "model": "item/carrot_on_a_stick/104"},
		{"predicate": {"custom_model_data": 105}, "model": "item/carrot_on_a_stick/105"},
		{"predicate": {"custom_model_data": 106}, "model": "item/carrot_on_a_stick/106"},
		{"predicate": {"custom_model_data": 107}, "model": "item/carrot_on_a_stick/107"},
		{"predicate": {"custom_model_data": 108}, "model": "item/carrot_on_a_stick/108"},
		{"predicate": {"custom_model_data": 109}, "model": "item/carrot_on_a_stick/109"},
		{"predicate": {"custom_model_data": 110}, "model": "item/carrot_on_a_stick/110"},
		{"predicate": {"custom_model_data": 111}, "model": "item/carrot_on_a_stick/111"},
		{"predicate": {"custom_model_data": 112}, "model": "item/carrot_on_a_stick/112"},
		{"predicate": {"custom_model_data": 113}, "model": "item/carrot_on_a_stick/113"},
		{"predicate": {"custom_model_data": 114}, "model": "item/carrot_on_a_stick/114"},
		{"predicate": {"custom_model_data": 115}, "model": "item/carrot_on_a_stick/115"},
		{"predicate": {"custom_model_data": 116}, "model": "item/carrot_on_a_stick/116"},
		{"predicate": {"custom_model_data": 117}, "model": "item/carrot_on_a_stick/117"},
		{"predicate": {"custom_model_data": 118}, "model": "item/carrot_on_a_stick/118"},
		{"predicate": {"custom_model_data": 119}, "model": "item/carrot_on_a_stick/119"},
		{"predicate": {"custom_model_data": 120}, "model": "item/carrot_on_a_stick/120"},
		{"predicate": {"custom_model_data": 121}, "model": "item/carrot_on_a_stick/121"},
		{"predicate": {"custom_model_data": 122}, "model": "item/carrot_on_a_stick/122"},
		{"predicate": {"custom_model_data": 123}, "model": "item/carrot_on_a_stick/123"},
		{"predicate": {"custom_model_data": 124}, "model": "item/carrot_on_a_stick/124"},
		{"predicate": {"custom_model_data": 125}, "model": "item/carrot_on_a_stick/125"},
		{"predicate": {"custom_model_data": 126}, "model": "item/carrot_on_a_stick/126"},
		{"predicate": {"custom_model_data": 127}, "model": "item/carrot_on_a_stick/127"},
		{"predicate": {"custom_model_data": 128}, "model": "item/carrot_on_a_stick/128"},
		{"predicate": {"custom_model_data": 129}, "model": "item/carrot_on_a_stick/129"},
		{"predicate": {"custom_model_data": 130}, "model": "item/carrot_on_a_stick/130"},
		{"predicate": {"custom_model_data": 131}, "model": "item/carrot_on_a_stick/131"},
		{"predicate": {"custom_model_data": 132}, "model": "item/carrot_on_a_stick/132"},
		{"predicate": {"custom_model_data": 133}, "model": "item/carrot_on_a_stick/133"},
		{"predicate": {"custom_model_data": 134}, "model": "item/carrot_on_a_stick/134"},
		{"predicate": {"custom_model_data": 135}, "model": "item/carrot_on_a_stick/135"},
		{"predicate": {"custom_model_data": 136}, "model": "item/carrot_on_a_stick/136"},
		{"predicate": {"custom_model_data": 137}, "model": "item/carrot_on_a_stick/137"},
		{"predicate": {"custom_model_data": 138}, "model": "item/carrot_on_a_stick/138"},
		{"predicate": {"custom_model_data": 139}, "model": "item/carrot_on_a_stick/139"},
		{"predicate": {"custom_model_data": 140}, "model": "item/carrot_on_a_stick/140"},
		{"predicate": {"custom_model_data": 141}, "model": "item/carrot_on_a_stick/141"},
		{"predicate": {"custom_model_data": 142}, "model": "item/carrot_on_a_stick/142"},
		{"predicate": {"custom_model_data": 143}, "model": "item/carrot_on_a_stick/143"},
		{"predicate": {"custom_model_data": 144}, "model": "item/carrot_on_a_stick/144"},
		{"predicate": {"custom_model_data": 145}, "model": "item/carrot_on_a_stick/145"},
		{"predicate": {"custom_model_data": 146}, "model": "item/carrot_on_a_stick/146"},
		{"predicate": {"custom_model_data": 147}, "model": "item/carrot_on_a_stick/147"},
		{"predicate": {"custom_model_data": 148}, "model": "item/carrot_on_a_stick/148"},
		{"predicate": {"custom_model_data": 149}, "model": "item/carrot_on_a_stick/149"},
		{"predicate": {"custom_model_data": 150}, "model": "item/carrot_on_a_stick/150"},
		{"predicate": {"custom_model_data": 151}, "model": "item/carrot_on_a_stick/151"},
		{"predicate": {"custom_model_data": 152}, "model": "item/carrot_on_a_stick/152"},
		{"predicate": {"custom_model_data": 153}, "model": "item/carrot_on_a_stick/153"},
		{"predicate": {"custom_model_data": 154}, "model": "item/carrot_on_a_stick/154"},
		{"predicate": {"custom_model_data": 155}, "model": "item/carrot_on_a_stick/155"},
		{"predicate": {"custom_model_data": 156}, "model": "item/carrot_on_a_stick/156"},
		{"predicate": {"custom_model_data": 157}, "model": "item/carrot_on_a_stick/157"},
		{"predicate": {"custom_model_data": 158}, "model": "item/carrot_on_a_stick/158"},
		{"predicate": {"custom_model_data": 159}, "model": "item/carrot_on_a_stick/159"},
		{"predicate": {"custom_model_data": 160}, "model": "item/carrot_on_a_stick/160"},
		{"predicate": {"custom_model_data": 161}, "model": "item/carrot_on_a_stick/161"},
		{"predicate": {"custom_model_data": 162}, "model": "item/carrot_on_a_stick/162"},
		{"predicate": {"custom_model_data": 163}, "model": "item/carrot_on_a_stick/163"},
		{"predicate": {"custom_model_data": 164}, "model": "item/carrot_on_a_stick/164"},
		{"predicate": {"custom_model_data": 165}, "model": "item/carrot_on_a_stick/165"},
		{"predicate": {"custom_model_data": 166}, "model": "item/carrot_on_a_stick/166"},
		{"predicate": {"custom_model_data": 167}, "model": "item/carrot_on_a_stick/167"},
		{"predicate": {"custom_model_data": 168}, "model": "item/carrot_on_a_stick/168"},
		{"predicate": {"custom_model_data": 169}, "model": "item/carrot_on_a_stick/169"},
		{"predicate": {"custom_model_data": 170}, "model": "item/carrot_on_a_stick/170"},
		{"predicate": {"custom_model_data": 171}, "model": "item/carrot_on_a_stick/171"},
		{"predicate": {"custom_model_data": 172}, "model": "item/carrot_on_a_stick/172"},
		{"predicate": {"custom_model_data": 173}, "model": "item/carrot_on_a_stick/173"},
		{"predicate": {"custom_model_data": 174}, "model": "item/carrot_on_a_stick/174"},
		{"predicate": {"custom_model_data": 175}, "model": "item/carrot_on_a_stick/175"},
		{"predicate": {"custom_model_data": 176}, "model": "item/carrot_on_a_stick/176"},
		{"predicate": {"custom_model_data": 177}, "model": "item/carrot_on_a_stick/177"},
		{"predicate": {"custom_model_data": 178}, "model": "item/carrot_on_a_stick/178"},
		{"predicate": {"custom_model_data": 179}, "model": "item/carrot_on_a_stick/179"},
		{"predicate": {"custom_model_data": 180}, "model": "item/carrot_on_a_stick/180"},
		{"predicate": {"custom_model_data": 181}, "model": "item/carrot_on_a_stick/181"},
		{"predicate": {"custom_model_data": 182}, "model": "item/carrot_on_a_stick/182"},
		{"predicate": {"custom_model_data": 183}, "model": "item/carrot_on_a_stick/183"},
		{"predicate": {"custom_model_data": 184}, "model": "item/carrot_on_a_stick/184"},
		{"predicate": {"custom_model_data": 185}, "model": "item/carrot_on_a_stick/185"},
		{"predicate": {"custom_model_data": 186}, "model": "item/carrot_on_a_stick/186"},
		{"predicate": {"custom_model_data": 187}, "model": "item/carrot_on_a_stick/187"},
		{"predicate": {"custom_model_data": 188}, "model": "item/carrot_on_a_stick/188"},
		{"predicate": {"custom_model_data": 189}, "model": "item/carrot_on_a_stick/189"},
		{"predicate": {"custom_model_data": 190}, "model": "item/carrot_on_a_stick/190"},
		{"predicate": {"custom_model_data": 191}, "model": "item/carrot_on_a_stick/191"},
		{"predicate": {"custom_model_data": 192}, "model": "item/carrot_on_a_stick/192"},
		{"predicate": {"custom_model_data": 193}, "model": "item/carrot_on_a_stick/193"},
		{"predicate": {"custom_model_data": 194}, "model": "item/carrot_on_a_stick/194"},
		{"predicate": {"custom_model_data": 195}, "model": "item/carrot_on_a_stick/195"}


	]
}