{
  "type": "minecraft:fishing",
  "pools": [
    {
      "rolls": 1,
      "entries": [
        {
          "type": "minecraft:loot_table",
          "weight": 24,
          "quality": -2,
          "name": "minecraft:gameplay/fishing/junk"
        },
        {
          "type": "minecraft:loot_table",
          "weight": 13,
          "quality": 2,
          "name": "minecraft:gameplay/fishing/treasure"
        },
        {
          "type": "minecraft:loot_table",
          "weight": 50,
          "quality": -1,
          "name": "minecraft:gameplay/fishing/fish"
        },
        {
          "type": "minecraft:loot_table",
          "weight": 13,
          "quality": 0,
          "name": "minecraft:gameplay/fishing/mob"
        }
      ]
    }
  ]
}