{"type":"entity","pools":[{"rolls":2,"entries":[{"type":"empty","weight":1},{"type":"item","weight":2,"name":"minecraft:dragon_head","functions":[{"function":"set_count","count":1}]},{"type":"item","weight":2,"name":"minecraft:dragon_egg","functions":[{"function":"set_count","count":1}]},{"type":"item","weight":15,"name":"minecraft:dragon_breath","functions":[{"function":"set_count","count":{"min":4,"max":8}}]}]},{"rolls":1,"entries":[{"type":"empty","weight":7},{"type":"item","weight":1,"name":"minecraft:elytra","functions":[{"function":"set_count","count":1}]}]},{"rolls":1,"entries":[{"type":"empty","weight":9},{"type":"item","weight":1,"name":"minecraft:command_block","functions":[{"function":"set_count","count":1},{"function":"set_nbt","tag":"{CustomModelData:573601}"},{"function":"set_name","name":[{"text":"Ender Dragon Trophy","color":"dark_purple","bold":true,"italic":false}]},{"function":"set_lore","lore":[{"text":"This tyrant of the void has now fallen"},{"text":"thanks to you, this trophy commemorates"},{"text":"the occasion, be warned that the endermen"},{"text":"are still wary of you."}]}]}]}]}