{"type":"entity","pools":[{"rolls":2,"entries":[{"type":"empty","weight":4},{"type":"item","weight":10,"name":"minecraft:wither_skeleton_skull","functions":[{"function":"set_count","count":{"min":1,"max":2}}]},{"type":"item","weight":85,"name":"minecraft:wither_rose","functions":[{"function":"set_count","count":{"min":4,"max":8}}]},{"type": "loot_table","weight": 1,"name": "boss:netherite"}]},{"rolls":1,"entries":[{"type":"empty","weight":9},{"type":"item","weight":1,"name":"minecraft:command_block","functions":[{"function":"set_count","count":1},{"function":"set_nbt","tag":"{CustomModelData:573602}"},{"function":"set_name","name":[{"text":"Wither Trophy","color":"dark_purple","bold":true,"italic":false}]},{"function":"set_lore","lore":[{"text":"An abomination created from true pieces"},{"text":"of the nether, combining to form a core"},{"text":"which is said to contain a power unlike"},{"text":"anything seen before, although it seems"},{"text":"quite difficult to utilize properly."}]}]}]},{"rolls":1,"entries":[{"type":"empty","weight":19},{"type":"item","weight":1,"name":"minecraft:nether_star","functions":[{"function":"set_count","count":1}]}]}]}