{
    "pools": [
        {
            "rolls": 1,
            "entries": [
                {
                    "type": "item",
                    "weight": 30,
                    "name": "minecraft:iron_nugget",
                    "functions": [
                        {
                            "function": "set_count",
                            "count": {
                                "min": 3,
                                "max": 8
                            }
                        }
                    ]
                },
                {
                    "type": "item",
                    "weight": 16,
                    "name": "minecraft:gold_nugget",
                    "functions": [
                        {
                            "function": "set_count",
                            "count": {
                                "min": 2,
                                "max": 5
                            }
                        }
                    ]
                },
                {
                    "type": "item",
                    "weight": 4,
                    "name": "minecraft:diamond"
                },
                {
                    "type": "item",
                    "weight": 15,
                    "name": "minecraft:name_tag"
                },
                {
                    "type": "item",
                    "weight": 15,
                    "name": "minecraft:saddle"
                },
                {
                    "type": "item",
                    "weight": 8,
                    "name": "minecraft:bow",
                    "functions": [
                        {
                            "function": "enchant_with_levels",
                            "levels": 30,
                            "treasure": true
                        },
                        {
                            "function": "set_damage",
                            "damage": {
                                "min": 0,
                                "max": 0.25
                            }
                        }
                    ]
                },
                {
                    "type": "item",
                    "weight": 8,
                    "name": "minecraft:fishing_rod",
                    "functions": [
                        {
                            "function": "enchant_with_levels",
                            "levels": 30,
                            "treasure": true
                        },
                        {
                            "function": "set_damage",
                            "damage": {
                                "min": 0,
                                "max": 0.25
                            }
                        }
                    ]
                },
                {
                    "type": "item",
                    "weight": 2,
                    "name": "minecraft:book",
                    "functions": [
                        {
                            "function": "enchant_with_levels",
                            "levels": 30,
                            "treasure": true
                        }
                    ]
                },
                {
                    "type": "item",
                    "weight": 15,
                    "name": "minecraft:iron_horse_armor"
                },
                {
                    "type": "item",
                    "weight": 20,
                    "name": "minecraft:emerald"
                },
                {
                    "type": "item",
                    "weight": 20,
                    "name": "minecraft:potion",
                    "functions": [
                        {
                            "function": "set_nbt",
                            "tag": "{Potion:\"minecraft:water\"}"
                        }
                    ]
                },
                {
                    "type": "item",
                    "weight": 25,
                    "name": "minecraft:lapis_lazuli"
                }
            ]
        }
    ]
}