{
    "pools": [
        {
            "rolls": 1,
            "entries": [
                {
                    "type": "item",
                    "weight": 20,
                    "name": "minecraft:iron_nugget",
                    "functions": [
                        {
                            "function": "set_count",
                            "count": {
                                "min": 2,
                                "max": 4
                            }
                        }
                    ]
                },
                {
                    "type": "item",
                    "weight": 20,
                    "name": "minecraft:gold_nugget",
                    "functions": [
                        {
                            "function": "set_count",
                            "count": {
                                "min": 2,
                                "max": 4
                            }
                        }
                    ]
                },
                {
                    "type": "item",
                    "weight": 3,
                    "name": "minecraft:diamond"
                },
                {
                    "type": "item",
                    "weight": 15,
                    "name": "minecraft:name_tag"
                },
                {
                    "type": "item",
                    "weight": 15,
                    "name": "minecraft:saddle"
                },
                {
                    "type": "item",
                    "weight": 8,
                    "name": "minecraft:bow",
                    "functions": [
                        {
                            "function": "enchant_with_levels",
                            "levels": 30,
                            "treasure": true
                        },
                        {
                            "function": "set_damage",
                            "damage": {
                                "min": 0,
                                "max": 0.25
                            }
                        }
                    ]
                },
                {
                    "type": "item",
                    "weight": 8,
                    "name": "minecraft:fishing_rod",
                    "functions": [
                        {
                            "function": "enchant_with_levels",
                            "levels": 30,
                            "treasure": true
                        },
                        {
                            "function": "set_damage",
                            "damage": {
                                "min": 0,
                                "max": 0.25
                            }
                        }
                    ]
                },
                {
                    "type": "item",
                    "weight": 2,
                    "name": "minecraft:book",
                    "functions": [
                        {
                            "function": "enchant_with_levels",
                            "levels": 30,
                            "treasure": true
                        }
                    ]
                },
                {
                    "type": "item",
                    "weight": 15,
                    "name": "minecraft:iron_horse_armor"
                },
                {
                    "type": "item",
                    "weight": 25,
                    "name": "minecraft:slime_ball"
                },
                {
                    "type": "item",
                    "weight": 25,
                    "name": "minecraft:fermented_spider_eye"
                },
                {
                    "type": "item",
                    "weight": 25,
                    "name": "minecraft:rabbit_foot"
                },
                {
                    "type": "item",
                    "weight": 10,
                    "name": "minecraft:cauldron"
                },
                {
                    "type": "item",
                    "weight": 25,
                    "name": "minecraft:glistering_melon_slice"
                },
                {
                    "type": "item",
                    "weight": 5,
                    "name": "minecraft:phantom_membrane"
                }
            ]
        }
    ]
}