{
    "pools": [
        {
            "rolls": 1,
            "entries": [
                {
                    "type": "item",
                    "weight": 30,
                    "name": "minecraft:ender_pearl",
                    "functions": [
                        {
                            "function": "set_count",
                            "count": {
                                "min": 1,
                                "max": 2
                            }
                        }
                    ]
                },
                {
                    "type": "item",
                    "weight": 40,
                    "name": "minecraft:chorus_fruit",
                    "functions": [
                        {
                            "function": "set_count",
                            "count": {
                                "min": 1,
                                "max": 3
                            }
                        }
                    ]
                },
                {
                    "type": "item",
                    "weight": 2,
                    "name": "minecraft:chorus_plant"
                },
                {
                    "type": "item",
                    "weight": 20,
                    "name": "minecraft:chorus_flower"
                },
                {
                    "type": "item",
                    "weight": 4,
                    "name": "minecraft:experience_bottle"
                },
                {
                    "type": "item",
                    "weight": 2,
                    "name": "minecraft:shulker_shell"
                },
                {
                    "type": "item",
                    "weight": 1,
                    "name": "minecraft:book",
                    "functions": [
                        {
                            "function": "enchant_randomly",
                            "enchantments": [
                                "mending"
                            ]
                        }
                    ]
                }
            ]
        }
    ]
}