{
    "pools": [
        {
            "rolls": 1,
            "entries": [
                {
                    "type": "item",
                    "weight": 25,
                    "name": "minecraft:iron_nugget",
                    "functions": [
                        {
                            "function": "set_count",
                            "count": {
                                "min": 2,
                                "max": 5
                            }
                        }
                    ]
                },
                {
                    "type": "item",
                    "weight": 25,
                    "name": "minecraft:gold_nugget",
                    "functions": [
                        {
                            "function": "set_count",
                            "count": {
                                "min": 2,
                                "max": 5
                            }
                        }
                    ]
                },
                {
                    "type": "item",
                    "weight": 4,
                    "name": "minecraft:diamond"
                },
                {
                    "type": "item",
                    "weight": 15,
                    "name": "minecraft:name_tag"
                },
                {
                    "type": "item",
                    "weight": 15,
                    "name": "minecraft:saddle"
                },
                {
                    "type": "item",
                    "weight": 8,
                    "name": "minecraft:bow",
                    "functions": [
                        {
                            "function": "enchant_with_levels",
                            "levels": 30,
                            "treasure": true
                        },
                        {
                            "function": "set_damage",
                            "damage": {
                                "min": 0,
                                "max": 0.25
                            }
                        }
                    ]
                },
                {
                    "type": "item",
                    "weight": 10,
                    "name": "minecraft:fishing_rod",
                    "functions": [
                        {
                            "function": "enchant_with_levels",
                            "levels": 30,
                            "treasure": true
                        },
                        {
                            "function": "set_damage",
                            "damage": {
                                "min": 0,
                                "max": 0.25
                            }
                        }
                    ]
                },
                {
                    "type": "item",
                    "weight": 2,
                    "name": "minecraft:book",
                    "functions": [
                        {
                            "function": "enchant_with_levels",
                            "levels": 30,
                            "treasure": true
                        }
                    ]
                },
                {
                    "type": "item",
                    "weight": 15,
                    "name": "minecraft:iron_horse_armor"
                },
                {
                    "type": "item",
                    "weight": 25,
                    "name": "minecraft:nautilus_shell"
                },
                {
                    "type": "item",
                    "weight": 25,
                    "name": "minecraft:tube_coral"
                },
                {
                    "type": "item",
                    "weight": 25,
                    "name": "minecraft:brain_coral"
                },
                {
                    "type": "item",
                    "weight": 25,
                    "name": "minecraft:bubble_coral"
                },
                {
                    "type": "item",
                    "weight": 25,
                    "name": "minecraft:fire_coral"
                },
                {
                    "type": "item",
                    "weight": 25,
                    "name": "minecraft:horn_coral"
                },
                {
                    "type": "item",
                    "weight": 25,
                    "name": "minecraft:tube_coral_fan"
                },
                {
                    "type": "item",
                    "weight": 25,
                    "name": "minecraft:brain_coral_fan"
                },
                {
                    "type": "item",
                    "weight": 25,
                    "name": "minecraft:bubble_coral_fan"
                },
                {
                    "type": "item",
                    "weight": 25,
                    "name": "minecraft:fire_coral_fan"
                },
                {
                    "type": "item",
                    "weight": 25,
                    "name": "minecraft:horn_coral_fan"
                }
            ]
        }
    ]
}