{
    "pools": [
        {
            "rolls": 1,
            "entries": [
                {
                    "type": "item",
                    "weight": 75,
                    "name": "minecraft:command_block",
                    "functions": [
                        {
                            "function": "set_nbt",
                            "tag": "{drowned_spawn:1}"
                        }
                    ]
                },
                {
                    "type": "item",
                    "weight": 50,
                    "name": "minecraft:command_block",
                    "functions": [
                        {
                            "function": "set_nbt",
                            "tag": "{drowned_spawn:2}"
                        }
                    ]
                },
                {
                    "type": "item",
                    "weight": 50,
                    "name": "minecraft:command_block",
                    "functions": [
                        {
                            "function": "set_nbt",
                            "tag": "{guardian_spawn:1}"
                        }
                    ]
                },
                {
                    "type": "item",
                    "weight": 10,
                    "name": "minecraft:command_block",
                    "functions": [
                        {
                            "function": "set_nbt",
                            "tag": "{elder_guardian_spawn:1}"
                        }
                    ]
                },
                {
                    "type": "item",
                    "weight": 10,
                    "name": "minecraft:command_block",
                    "functions": [
                        {
                            "function": "set_nbt",
                            "tag": "{squid_spawn:1}"
                        }
                    ]
                }
            ]
        }
    ]
}